index,resp,pzt,eda,emg
1,0,0,0,0
2,0,0,0,0
3,0,0,0,0
4,0,0,0,0
5,0,0,0,0
6,0,0,0,0
7,0,0,0,0
8,0,0,0,0
9,0,0,0,0
10,0,0,0,0
11,0,0,0,0
12,0,0,0,0
13,0,0,0,0
14,0,0,0,0
15,0,0,0,0
16,0,0,0,0
17,0,0,0,0
18,0,0,0,0
19,0,0,0,0
20,0,0,0,0
21,0,0,0,0
22,0,0,0,0
23,0,0,0,0
24,0,0,0,0
25,0,0,0,0
26,0,0,0,0
27,0,0,0,0
28,0,0,0,0
29,0,0,0,0
30,0,0,0,0
31,0,0,0,0
32,0,0,0,0
33,0,0,0,0
34,0,0,0,0
35,0,0,0,0
36,0,0,0,0
37,1,0,0,0
38,2,0,0,0
39,3,0,0,0
40,3,0,0,0
41,3,0,0,0
42,2,0,0,0
43,2,0,0,0
44,2,0,0,0
45,1,0,0,0
46,1,0,0,0
47,1,0,0,0
48,1,0,0,0
49,0,0,0,0
50,0,0,0,0
51,0,0,0,0
52,0,0,0,0
53,0,0,0,0
54,0,0,0,0
55,0,0,0,0
56,0,0,0,0
57,0,0,0,0
58,0,0,0,0
59,0,0,0,0
60,0,0,0,0
61,0,0,0,0
62,0,0,0,0
63,0,0,0,0
64,0,0,0,0
65,0,0,0,0
66,0,0,0,0
67,0,0,0,0
68,0,0,0,0
69,0,0,0,0
70,0,0,0,0
71,0,0,0,0
72,0,0,0,0
73,0,0,0,0
74,0,0,0,0
75,0,0,0,0
76,0,0,0,0
77,0,0,0,0
78,0,0,0,0
79,0,0,0,0
80,0,0,0,0
81,0,0,0,0
82,0,0,0,0
83,0,0,0,0
84,0,0,0,0
85,0,0,0,0
86,0,0,0,0
87,0,0,0,0
88,1,0,0,0
89,2,0,0,0
90,3,0,0,0
91,4,0,0,0
92,6,0,0,0
93,7,0,0,0
94,9,0,0,0
95,10,0,0,0
96,12,0,0,0
97,13,0,0,0
98,15,0,0,0
99,16,0,0,0
100,18,0,0,0
101,19,0,0,0
102,20,0,0,0
103,22,0,0,0
104,23,0,0,0
105,24,0,0,0
106,25,0,0,0
107,26,0,0,0
108,28,0,0,0
109,28,0,0,0
110,29,0,0,0
111,30,0,0,0
112,30,0,0,0
113,30,0,0,0
114,29,0,0,0
115,28,0,0,0
116,27,0,0,0
117,28,0,0,0
118,29,0,0,0
119,28,0,0,0
120,28,0,0,0
121,25,0,0,0
122,24,0,0,0
123,22,0,0,0
124,20,0,0,0
125,19,0,0,0
126,17,0,0,0
127,16,0,0,0
128,15,0,0,0
129,13,0,0,0
130,12,0,0,0
131,11,0,0,0
132,10,0,0,0
133,9,0,0,0
134,8,0,0,0
135,7,0,0,0
136,7,0,0,0
137,6,0,0,0
138,6,0,0,0
139,5,0,0,0
140,5,0,0,0
141,4,0,0,0
142,3,0,0,0
143,3,0,0,0
144,3,0,0,0
145,2,0,0,0
146,2,0,0,0
147,2,0,0,0
148,2,0,0,0
149,1,0,0,0
150,1,0,0,0
151,1,0,0,0
152,1,0,0,0
153,1,0,0,0
154,0,0,0,0
155,0,0,0,0
156,0,0,0,0
157,0,0,0,0
158,0,0,0,0
159,0,0,0,0
160,0,0,0,0
161,0,0,0,0
162,0,0,0,0
163,0,0,0,0
164,0,0,0,0
165,0,0,0,0
166,0,0,0,0
167,0,0,0,0
168,0,0,0,0
169,0,0,0,0
170,0,0,0,0
171,0,0,0,0
172,0,0,0,0
173,0,0,0,0
174,0,0,0,0
175,0,0,0,0
176,1,0,0,0
177,1,0,0,0
178,0,0,0,0
179,0,0,0,0
180,0,0,0,0
181,0,0,0,0
182,0,0,0,0
183,0,0,0,0
184,0,0,0,0
185,0,0,0,0
186,0,0,0,0
187,0,0,0,0
188,0,0,0,0
189,0,0,0,0
190,0,0,0,0
191,1,0,0,0
192,4,0,0,0
193,5,0,0,0
194,5,0,0,0
195,4,0,0,0
196,4,0,0,0
197,3,0,0,0
198,3,0,0,0
199,3,0,0,0
200,4,0,0,0
201,4,0,0,0
202,5,0,0,0
203,5,0,0,0
204,5,0,0,0
205,4,0,0,0
206,3,0,0,0
207,3,0,0,0
208,3,0,0,0
209,2,0,0,0
210,2,0,0,0
211,1,0,0,0
212,1,0,0,0
213,1,0,0,0
214,1,0,0,0
215,1,0,0,0
216,1,0,0,0
217,0,0,0,0
218,0,0,0,0
219,0,0,0,0
220,0,0,0,0
221,0,0,0,0
222,0,0,0,0
223,0,0,0,0
224,0,0,0,0
225,0,0,0,0
226,0,0,0,0
227,0,0,0,0
228,0,0,0,0
229,0,0,0,0
230,0,0,0,0
231,0,0,0,0
232,0,0,0,0
233,0,0,0,0
234,0,0,0,0
235,0,0,0,0
236,0,0,0,0
237,0,0,0,0
238,0,0,0,0
239,0,0,0,0
240,0,0,0,0
241,0,0,0,0
242,0,0,0,0
243,0,0,0,0
244,0,0,0,0
245,0,0,0,0
246,0,0,0,0
247,0,0,0,0
248,0,0,0,0
249,0,0,0,0
250,0,0,0,0
251,0,0,0,0
252,0,0,0,0
253,0,0,0,0
254,0,0,0,0
255,0,0,0,0
256,0,0,0,0
257,0,0,0,0
258,0,0,0,0
259,0,0,0,0
260,0,0,0,0
261,1,0,0,0
262,3,0,0,0
263,2,0,0,0
264,2,0,0,0
265,1,0,0,0
266,1,0,0,0
267,1,0,0,0
268,1,0,0,0
269,1,0,0,0
270,1,0,0,0
271,0,0,0,0
272,0,0,0,0
273,0,0,0,0
274,0,0,0,0
275,0,0,0,0
276,0,0,0,0
277,0,0,0,0
278,0,0,0,0
279,0,0,0,0
280,0,0,0,0
281,0,0,0,0
282,0,0,0,0
283,0,0,0,0
284,0,0,0,0
285,0,0,0,0
286,0,0,0,0
287,0,0,0,0
288,0,0,0,0
289,0,0,0,0
290,0,0,0,0
291,0,0,0,0
292,0,0,0,0
293,0,0,0,0
294,0,0,0,0
295,0,0,0,0
296,0,0,0,0
297,0,0,0,0
298,0,0,0,0
299,0,0,0,0
300,0,0,0,0
301,0,0,0,0
302,0,0,0,0
303,0,0,0,0
304,0,0,0,0
305,0,0,0,0
306,0,0,0,0
307,0,0,0,0
308,0,0,0,0
309,0,0,0,0
310,0,0,0,0
311,0,0,0,0
312,0,0,0,0
313,0,0,0,0
314,0,0,0,0
315,0,0,0,0
316,0,0,0,0
317,0,0,0,0
318,0,0,0,0
319,0,0,0,0
320,0,0,0,0
321,0,0,0,0
322,0,0,0,0
323,0,0,0,0
324,0,0,0,0
325,0,0,0,0
326,0,0,0,0
327,0,0,0,0
328,0,0,0,0
329,0,0,0,0
330,0,0,0,0
331,0,0,0,0
332,0,0,0,0
333,1,0,0,0
334,1,0,0,0
335,1,0,0,0
336,1,0,0,0
337,1,0,0,0
338,1,0,0,0
339,0,0,0,0
340,1,0,0,0
341,0,0,0,0
342,0,0,0,0
343,0,0,0,0
344,0,0,0,0
345,0,0,0,0
346,0,0,0,0
347,0,0,0,0
348,0,0,0,0
349,0,0,0,0
350,0,0,0,0
351,0,0,0,0
352,0,0,0,0
353,0,0,0,0
354,0,0,0,0
355,0,0,0,0
356,0,0,0,0
357,0,0,0,0
358,0,0,0,0
359,0,0,0,0
360,0,0,0,0
361,0,0,0,0
362,0,0,0,0
363,0,0,0,0
364,0,0,0,0
365,0,0,0,0
366,0,0,0,0
367,0,0,0,0
368,0,0,0,0
369,0,0,0,0
370,0,0,0,0
371,0,0,0,0
372,0,0,0,0
373,0,0,0,0
374,0,0,0,0
375,0,0,0,0
376,0,0,0,0
377,0,0,0,0
378,0,0,0,0
379,0,0,0,0
380,0,0,0,0
381,0,0,0,0
382,0,0,0,0
383,0,0,0,0
384,0,0,0,0
385,0,0,0,0
386,0,0,0,0
387,0,0,0,0
388,0,0,0,0
389,0,0,0,0
390,0,0,0,0
391,0,0,0,0
392,0,0,0,0
393,0,0,0,0
394,0,0,0,0
395,0,0,0,0
396,0,0,0,0
397,0,0,0,0
398,0,0,0,0
399,0,0,0,0
400,0,0,0,0
401,0,0,0,0
402,0,0,0,0
403,0,0,0,0
404,0,0,0,0
405,2,0,0,0
406,4,0,0,0
407,6,0,0,0
408,7,0,0,0
409,9,0,0,0
410,10,0,0,0
411,12,0,0,0
412,16,0,0,0
413,19,0,0,0
414,23,0,0,0
415,28,0,0,0
416,33,0,0,0
417,39,0,0,0
418,46,0,0,0
419,52,0,0,0
420,60,0,0,0
421,66,0,0,0
422,73,0,0,0
423,80,0,0,0
424,88,0,0,0
425,95,0,0,0
426,102,0,0,0
427,109,0,0,0
428,116,0,0,0
429,122,0,0,0
430,128,0,0,0
431,134,0,0,0
432,140,0,0,0
433,145,0,0,0
434,151,0,0,0
435,156,0,0,0
436,162,0,0,0
437,168,0,0,0
438,174,0,0,0
439,180,0,0,0
440,186,0,0,0
441,193,0,0,0
442,199,0,0,0
443,206,0,0,0
444,212,0,0,0
445,217,0,0,0
446,222,0,0,0
447,226,0,0,0
448,230,0,0,0
449,233,0,0,0
450,236,0,0,0
451,238,0,0,0
452,240,0,0,0
453,242,0,0,0
454,244,0,0,0
455,246,0,0,0
456,248,0,0,0
457,250,0,0,0
458,252,0,0,0
459,253,0,0,0
460,255,0,0,0
461,256,0,0,0
462,258,0,0,0
463,259,0,0,0
464,260,0,0,0
465,261,0,0,0
466,262,0,0,0
467,262,0,0,0
468,262,0,0,0
469,262,0,0,0
470,262,0,0,0
471,260,0,0,0
472,259,0,0,0
473,257,0,0,0
474,256,0,0,0
475,255,0,0,0
476,255,0,0,0
477,253,0,0,0
478,250,0,0,0
479,247,0,0,0
480,244,0,0,0
481,241,0,0,0
482,239,0,0,0
483,238,0,0,0
484,236,0,0,0
485,235,0,0,0
486,234,0,0,0
487,232,0,0,0
488,230,0,0,0
489,228,0,0,0
490,225,0,0,0
491,222,0,0,0
492,220,0,0,0
493,217,0,0,0
494,215,0,0,0
495,212,0,0,0
496,210,0,0,0
497,207,0,0,0
498,204,0,0,0
499,201,0,0,0
500,199,0,0,0
501,195,0,0,0
502,191,0,0,0
503,188,0,0,0
504,183,0,0,0
505,179,0,0,0
506,174,0,0,0
507,168,0,0,0
508,164,0,0,0
509,159,0,0,0
510,153,0,0,0
511,148,0,0,0
512,143,0,0,0
513,137,0,0,0
514,131,0,0,0
515,126,0,0,0
516,120,0,0,0
517,115,0,0,0
518,110,0,0,0
519,105,0,0,0
520,101,0,0,0
521,96,0,0,0
522,92,0,0,0
523,88,0,0,0
524,85,0,0,0
525,81,0,0,0
526,78,0,0,0
527,75,0,0,0
528,73,0,0,0
529,71,0,0,0
530,70,0,0,0
531,68,0,0,0
532,67,0,0,0
533,65,0,0,0
534,62,0,0,0
535,59,0,0,0
536,56,0,0,0
537,54,0,0,0
538,54,0,0,0
539,53,0,0,0
540,51,0,0,0
541,48,0,0,0
542,45,0,0,0
543,43,0,0,0
544,41,0,0,0
545,40,0,0,0
546,41,0,0,0
547,42,0,0,0
548,43,0,0,0
549,44,0,0,0
550,44,0,0,0
551,43,0,0,0
552,42,0,0,0
553,41,0,0,0
554,41,0,0,0
555,40,0,0,0
556,41,0,0,0
557,40,0,0,0
558,40,0,0,0
559,40,0,0,0
560,39,0,0,0
561,39,0,0,0
562,38,0,0,0
563,36,0,0,0
564,35,0,0,0
565,32,0,0,0
566,30,0,0,0
567,28,0,0,0
568,26,0,0,0
569,24,0,0,0
570,22,0,0,0
571,20,0,0,0
572,19,0,0,0
573,17,0,0,0
574,16,0,0,0
575,15,0,0,0
576,14,0,0,0
577,13,0,0,0
578,12,0,0,0
579,11,0,0,0
580,10,0,0,0
581,9,0,0,0
582,9,0,0,0
583,8,0,0,0
584,8,0,0,0
585,7,0,0,0
586,7,0,0,0
587,6,0,0,0
588,6,0,0,0
589,6,0,0,0
590,6,0,0,0
591,7,0,0,0
592,7,0,0,0
593,6,0,0,0
594,5,0,0,0
595,5,0,0,0
596,4,0,0,0
597,4,0,0,0
598,4,0,0,0
599,5,0,0,0
600,6,0,0,0
601,5,0,0,0
602,4,0,0,0
603,4,0,0,0
604,3,0,0,0
605,3,0,0,0
606,3,0,0,0
607,4,0,0,0
608,6,0,0,0
609,6,0,0,0
610,6,0,0,0
611,5,0,0,0
612,4,0,0,0
613,3,0,0,0
614,3,0,0,0
615,3,0,0,0
616,3,0,0,0
617,2,0,0,0
618,2,0,0,0
619,2,0,0,0
620,2,0,0,0
621,1,0,0,0
622,1,0,0,0
623,1,0,0,0
624,1,0,0,0
625,1,0,0,0
626,1,0,0,0
627,0,0,0,0
628,1,0,0,0
629,0,0,0,0
630,0,0,0,0
631,0,0,0,0
632,0,0,0,0
633,0,0,0,0
634,0,0,0,0
635,0,0,0,0
636,0,0,0,0
637,0,0,0,0
638,0,0,0,0
639,0,0,0,0
640,0,0,0,0
641,0,0,0,0
642,0,0,0,0
643,0,0,0,0
644,0,0,0,0
645,0,0,0,0
646,0,0,0,0
647,0,0,0,0
648,0,0,0,0
649,0,0,0,0
650,0,0,0,0
651,0,0,0,0
652,0,0,0,0
653,0,0,0,0
654,0,0,0,0
655,0,0,0,0
656,0,0,0,0
657,0,0,0,0
658,0,0,0,0
659,2,0,0,0
660,2,0,0,0
661,2,0,0,0
662,1,0,0,0
663,1,0,0,0
664,1,0,0,0
665,1,0,0,0
666,1,0,0,0
667,1,0,0,0
668,1,0,0,0
669,1,0,0,0
670,1,0,0,0
671,1,0,0,0
672,1,0,0,0
673,1,0,0,0
674,1,0,0,0
675,0,0,0,0
676,0,0,0,0
677,0,0,0,0
678,0,0,0,0
679,0,0,0,0
680,0,0,0,0
681,0,0,0,0
682,0,0,0,0
683,0,0,0,0
684,0,0,0,0
685,0,0,0,0
686,0,0,0,0
687,0,0,0,0
688,0,0,0,0
689,0,0,0,0
690,0,0,0,0
691,0,0,0,0
692,0,0,0,0
693,0,0,0,0
694,0,0,0,0
695,0,0,0,0
696,0,0,0,0
697,0,0,0,0
698,0,0,0,0
699,0,0,0,0
700,0,0,0,0
701,0,0,0,0
702,0,0,0,0
703,0,0,0,0
704,0,0,0,0
705,0,0,0,0
706,0,0,0,0
707,0,0,0,0
708,0,0,0,0
709,0,0,0,0
710,0,0,0,0
711,0,0,0,0
712,0,0,0,0
713,0,0,0,0
714,0,0,0,0
715,0,0,0,0
716,0,0,0,0
717,0,0,0,0
718,0,0,0,0
719,0,0,0,0
720,1,0,0,0
721,3,0,0,0
722,3,0,0,0
723,3,0,0,0
724,2,0,0,0
725,2,0,0,0
726,1,0,0,0
727,1,0,0,0
728,1,0,0,0
729,1,0,0,0
730,1,0,0,0
731,1,0,0,0
732,1,0,0,0
733,0,0,0,0
734,0,0,0,0
735,0,0,0,0
736,0,0,0,0
737,0,0,0,0
738,0,0,0,0
739,0,0,0,0
740,0,0,0,0
741,0,0,0,0
742,0,0,0,0
743,0,0,0,0
744,0,0,0,0
745,0,0,0,0
746,0,0,0,0
747,0,0,0,0
748,0,0,0,0
749,0,0,0,0
750,0,0,0,0
751,0,0,0,0
752,0,0,0,0
753,0,0,0,0
754,0,0,0,0
755,0,0,0,0
756,0,0,0,0
757,0,0,0,0
758,0,0,0,0
759,0,0,0,0
760,0,0,0,0
761,0,0,0,0
762,0,0,0,0
763,0,0,0,0
764,0,0,0,0
765,0,0,0,0
766,0,0,0,0
767,0,0,0,0
768,0,0,0,0
769,0,0,0,0
770,0,0,0,0
771,0,0,0,0
772,0,0,0,0
773,0,0,0,0
774,0,0,0,0
775,0,0,0,0
776,0,0,0,0
777,0,0,0,0
778,0,0,0,0
779,0,0,0,0
780,0,0,0,0
781,0,0,0,0
782,0,0,0,0
783,0,0,0,0
784,0,0,0,0
785,0,0,0,0
786,1,0,0,0
787,3,0,0,0
788,4,0,0,0
789,4,0,0,0
790,3,0,0,0
791,3,0,0,0
792,3,0,0,0
793,3,0,0,0
794,2,0,0,0
795,2,0,0,0
796,2,0,0,0
797,1,0,0,0
798,1,0,0,0
799,1,0,0,0
800,1,0,0,0
801,1,0,0,0
802,0,0,0,0
803,0,0,0,0
804,0,0,0,0
805,0,0,0,0
806,0,0,0,0
807,0,0,0,0
808,0,0,0,0
809,0,0,0,0
810,0,0,0,0
811,0,0,0,0
812,0,0,0,0
813,0,0,0,0
814,0,0,0,0
815,0,0,0,0
816,0,0,0,0
817,0,0,0,0
818,0,0,0,0
819,0,0,0,0
820,0,0,0,0
821,0,0,0,0
822,0,0,0,0
823,0,0,0,0
824,0,0,0,0
825,0,0,0,0
826,0,0,0,0
827,0,0,0,0
828,0,0,0,0
829,0,0,0,0
830,0,0,0,0
831,0,0,0,0
832,0,0,0,0
833,0,0,0,0
834,0,0,0,0
835,0,0,0,0
836,0,0,0,0
837,0,0,0,0
838,0,0,0,0
839,0,0,0,0
840,0,0,0,0
841,0,0,0,0
842,0,0,0,0
843,0,0,0,0
844,0,0,0,0
845,0,0,0,0
846,0,0,0,0
847,0,0,0,0
848,0,0,0,0
849,0,0,0,0
850,0,0,0,0
851,0,0,0,0
852,0,0,0,0
853,0,0,0,0
854,0,0,0,0
855,0,0,0,0
856,0,0,0,0
857,0,0,0,0
858,0,0,0,0
859,1,0,0,0
860,3,0,0,0
861,6,0,0,0
862,7,0,0,0
863,7,0,0,0
864,8,0,0,0
865,8,0,0,0
866,8,0,0,0
867,9,0,0,0
868,9,0,0,0
869,9,0,0,0
870,8,0,0,0
871,7,0,0,0
872,7,0,0,0
873,6,0,0,0
874,5,0,0,0
875,5,0,0,0
876,4,0,0,0
877,3,0,0,0
878,3,0,0,0
879,3,0,0,0
880,3,0,0,0
881,2,0,0,0
882,2,0,0,0
883,2,0,0,0
884,2,0,0,0
885,1,0,0,0
886,1,0,0,0
887,1,0,0,0
888,1,0,0,0
889,0,0,0,0
890,0,0,0,0
891,0,0,0,0
892,0,0,0,0
893,0,0,0,0
894,0,0,0,0
895,0,0,0,0
896,0,0,0,0
897,0,0,0,0
898,0,0,0,0
899,0,0,0,0
900,0,0,0,0
901,0,0,0,0
902,0,0,0,0
903,0,0,0,0
904,0,0,0,0
905,0,0,0,0
906,0,0,0,0
907,0,0,0,0
908,0,0,0,0
909,1,0,0,0
910,1,0,0,0
911,2,0,0,0
912,3,0,0,0
913,4,0,0,0
914,6,0,0,0
915,7,0,0,0
916,9,0,0,0
917,11,0,0,0
918,12,0,0,0
919,14,0,0,0
920,15,0,0,0
921,16,0,0,0
922,17,0,0,0
923,19,0,0,0
924,20,0,0,0
925,21,0,0,0
926,22,0,0,0
927,23,0,0,0
928,25,0,0,0
929,25,0,0,0
930,27,0,0,0
931,28,0,0,0
932,30,0,0,0
933,31,0,0,0
934,31,0,0,0
935,31,0,0,0
936,31,0,0,0
937,32,0,0,0
938,35,0,0,0
939,38,0,0,0
940,40,0,0,0
941,41,0,0,0
942,41,0,0,0
943,42,0,0,0
944,42,0,0,0
945,43,0,0,0
946,45,0,0,0
947,47,0,0,0
948,49,0,0,0
949,51,0,0,0
950,52,0,0,0
951,54,0,0,0
952,56,0,0,0
953,57,0,0,0
954,59,0,0,0
955,60,0,0,0
956,62,0,0,0
957,63,0,0,0
958,65,0,0,0
959,67,0,0,0
960,68,0,0,0
961,69,0,0,0
962,70,0,0,0
963,71,0,0,0
964,71,0,0,0
965,71,0,0,0
966,70,0,0,0
967,68,0,0,0
968,66,0,0,0
969,63,0,0,0
970,61,0,0,0
971,58,0,0,0
972,55,0,0,0
973,53,0,0,0
974,51,0,0,0
975,48,0,0,0
976,46,0,0,0
977,43,0,0,0
978,40,0,0,0
979,37,0,0,0
980,34,0,0,0
981,31,0,0,0
982,28,0,0,0
983,26,0,0,0
984,24,0,0,0
985,22,0,0,0
986,20,0,0,0
987,19,0,0,0
988,17,0,0,0
989,16,0,0,0
990,15,0,0,0
991,14,0,0,0
992,14,0,0,0
993,12,0,0,0
994,12,0,0,0
995,11,0,0,0
996,11,0,0,0
997,10,0,0,0
998,9,0,0,0
999,9,0,0,0
1000,9,0,0,0
1001,8,0,0,0
1002,8,0,0,0
1003,7,0,0,0
1004,7,0,0,0
1005,7,0,0,0
1006,6,0,0,0
1007,6,0,0,0
1008,5,0,0,0
1009,5,0,0,0
1010,7,0,0,0
1011,8,0,0,0
1012,9,0,0,0
1013,9,0,0,0
1014,8,0,0,0
1015,7,0,0,0
1016,7,0,0,0
1017,7,0,0,0
1018,7,0,0,0
1019,9,0,0,0
1020,10,0,0,0
1021,11,0,0,0
1022,12,0,0,0
1023,13,0,0,0
1024,14,0,0,0
1025,13,0,0,0
1026,12,0,0,0
1027,12,0,0,0
1028,12,0,0,0
1029,11,0,0,0
1030,10,0,0,0
1031,9,0,0,0
1032,9,0,0,0
1033,8,0,0,0
1034,7,0,0,0
1035,6,0,0,0
1036,6,0,0,0
1037,5,0,0,0
1038,5,0,0,0
1039,4,0,0,0
1040,4,0,0,0
1041,3,0,0,0
1042,3,0,0,0
1043,2,0,0,0
1044,2,0,0,0
1045,2,0,0,0
1046,1,0,0,0
1047,1,0,0,0
1048,1,0,0,0
1049,1,0,0,0
1050,1,0,0,0
1051,1,0,0,0
1052,0,0,0,0
1053,0,0,0,0
1054,0,0,0,0
1055,0,0,0,0
1056,0,0,0,0
1057,0,0,0,0
1058,0,0,0,0
1059,1,0,0,0
1060,2,0,0,0
1061,3,0,0,0
1062,3,0,0,0
1063,3,0,0,0
1064,3,0,0,0
1065,3,0,0,0
1066,2,0,0,0
1067,2,0,0,0
1068,2,0,0,0
1069,1,0,0,0
1070,1,0,0,0
1071,1,0,0,0
1072,1,0,0,0
1073,0,0,0,0
1074,0,0,0,0
1075,0,0,0,0
1076,0,0,0,0
1077,0,0,0,0
1078,0,0,0,0
1079,0,0,0,0
1080,0,0,0,0
1081,0,0,0,0
1082,0,0,0,0
1083,0,0,0,0
1084,0,0,0,0
1085,0,0,0,0
1086,0,0,0,0
1087,0,0,0,0
1088,0,0,0,0
1089,0,0,0,0
1090,0,0,0,0
1091,0,0,0,0
1092,0,0,0,0
1093,0,0,0,0
1094,0,0,0,0
1095,0,0,0,0
1096,0,0,0,0
1097,0,0,0,0
1098,0,0,0,0
1099,0,0,0,0
1100,0,0,0,0
1101,0,0,0,0
1102,0,0,0,0
1103,0,0,0,0
1104,0,0,0,0
1105,0,0,0,0
1106,0,0,0,0
1107,0,0,0,0
1108,0,0,0,0
1109,0,0,0,0
1110,0,0,0,0
1111,0,0,0,0
1112,0,0,0,0
1113,0,0,0,0
1114,0,0,0,0
1115,0,0,0,0
1116,0,0,0,0
1117,0,0,0,0
1118,0,0,0,0
1119,0,0,0,0
1120,0,0,0,0
1121,1,0,0,0
1122,3,0,0,0
1123,7,0,0,0
1124,10,0,0,0
1125,13,0,0,0
1126,16,0,0,0
1127,18,0,0,0
1128,20,0,0,0
1129,22,0,0,0
1130,23,0,0,0
1131,24,0,0,0
1132,25,0,0,0
1133,24,0,0,0
1134,22,0,0,0
1135,20,0,0,0
1136,19,0,0,0
1137,16,0,0,0
1138,15,0,0,0
1139,13,0,0,0
1140,12,0,0,0
1141,11,0,0,0
1142,10,0,0,0
1143,9,0,0,0
1144,9,0,0,0
1145,8,0,0,0
1146,7,0,0,0
1147,6,0,0,0
1148,6,0,0,0
1149,5,0,0,0
1150,4,0,0,0
1151,4,0,0,0
1152,4,0,0,0
1153,3,0,0,0
1154,3,0,0,0
1155,3,0,0,0
1156,3,0,0,0
1157,2,0,0,0
1158,2,0,0,0
1159,1,0,0,0
1160,1,0,0,0
1161,1,0,0,0
1162,1,0,0,0
1163,1,0,0,0
1164,1,0,0,0
1165,0,0,0,0
1166,0,0,0,0
1167,0,0,0,0
1168,0,0,0,0
1169,0,0,0,0
1170,0,0,0,0
1171,0,0,0,0
1172,0,0,0,0
1173,0,0,0,0
1174,0,0,0,0
1175,0,0,0,0
1176,0,0,0,0
1177,0,0,0,0
1178,0,0,0,0
1179,0,0,0,0
1180,0,0,0,0
1181,0,0,0,0
1182,0,0,0,0
1183,0,0,0,0
1184,0,0,0,0
1185,0,0,0,0
1186,0,0,0,0
1187,0,0,0,0
1188,0,0,0,0
1189,0,0,0,0
1190,0,0,0,0
1191,0,0,0,0
1192,1,0,0,0
1193,2,0,0,0
1194,3,0,0,0
1195,4,0,0,0
1196,7,0,0,0
1197,8,0,0,0
1198,10,0,0,0
1199,12,0,0,0
1200,14,0,0,0
1201,15,0,0,0
1202,18,0,0,0
1203,19,0,0,0
1204,21,0,0,0
1205,22,0,0,0
1206,22,0,0,0
1207,23,0,0,0
1208,23,0,0,0
1209,25,0,0,0
1210,28,0,0,0
1211,30,0,0,0
1212,32,0,0,0
1213,32,0,0,0
1214,33,0,0,0
1215,33,0,0,0
1216,33,0,0,0
1217,33,0,0,0
1218,34,0,0,0
1219,34,0,0,0
1220,35,0,0,0
1221,35,0,0,0
1222,36,0,0,0
1223,37,0,0,0
1224,38,0,0,0
1225,38,0,0,0
1226,38,0,0,0
1227,39,0,0,0
1228,39,0,0,0
1229,40,0,0,0
1230,41,0,0,0
1231,42,0,0,0
1232,43,0,0,0
1233,43,0,0,0
1234,44,0,0,0
1235,44,0,0,0
1236,43,0,0,0
1237,43,0,0,0
1238,43,0,0,0
1239,41,0,0,0
1240,40,0,0,0
1241,38,0,0,0
1242,37,0,0,0
1243,35,0,0,0
1244,33,0,0,0
1245,31,0,0,0
1246,29,0,0,0
1247,28,0,0,0
1248,25,0,0,0
1249,23,0,0,0
1250,21,0,0,0
1251,19,0,0,0
1252,18,0,0,0
1253,16,0,0,0
1254,14,0,0,0
1255,13,0,0,0
1256,12,0,0,0
1257,11,0,0,0
1258,11,0,0,0
1259,10,0,0,0
1260,10,0,0,0
1261,9,0,0,0
1262,9,0,0,0
1263,10,0,0,0
1264,12,0,0,0
1265,12,0,0,0
1266,14,0,0,0
1267,15,0,0,0
1268,16,0,0,0
1269,17,0,0,0
1270,17,0,0,0
1271,17,0,0,0
1272,17,0,0,0
1273,17,0,0,0
1274,17,0,0,0
1275,19,0,0,0
1276,22,0,0,0
1277,23,0,0,0
1278,23,0,0,0
1279,23,0,0,0
1280,23,0,0,0
1281,23,0,0,0
1282,23,0,0,0
1283,24,0,0,0
1284,25,0,0,0
1285,26,0,0,0
1286,27,0,0,0
1287,28,0,0,0
1288,30,0,0,0
1289,31,0,0,0
1290,31,0,0,0
1291,32,0,0,0
1292,33,0,0,0
1293,35,0,0,0
1294,36,0,0,0
1295,38,0,0,0
1296,40,0,0,0
1297,41,0,0,0
1298,42,0,0,0
1299,43,0,0,0
1300,45,0,0,0
1301,46,0,0,0
1302,46,0,0,0
1303,45,0,0,0
1304,45,0,0,0
1305,44,0,0,0
1306,43,0,0,0
1307,42,0,0,0
1308,41,0,0,0
1309,39,0,0,0
1310,39,0,0,0
1311,38,0,0,0
1312,38,0,0,0
1313,36,0,0,0
1314,34,0,0,0
1315,32,0,0,0
1316,31,0,0,0
1317,29,0,0,0
1318,27,0,0,0
1319,26,0,0,0
1320,25,0,0,0
1321,25,0,0,0
1322,25,0,0,0
1323,24,0,0,0
1324,25,0,0,0
1325,25,0,0,0
1326,26,0,0,0
1327,28,0,0,0
1328,31,0,0,0
1329,34,0,0,0
1330,39,0,0,0
1331,44,0,0,0
1332,51,0,0,0
1333,58,0,0,0
1334,66,0,0,0
1335,74,0,0,0
1336,81,0,0,0
1337,88,0,0,0
1338,97,0,0,0
1339,107,0,0,0
1340,117,0,0,0
1341,126,0,0,0
1342,134,0,0,0
1343,140,0,0,0
1344,147,0,0,0
1345,152,0,0,0
1346,158,0,0,0
1347,165,0,0,0
1348,172,0,0,0
1349,177,0,0,0
1350,182,0,0,0
1351,186,0,0,0
1352,190,0,0,0
1353,192,0,0,0
1354,193,0,0,0
1355,194,0,0,0
1356,195,0,0,0
1357,194,0,0,0
1358,194,0,0,0
1359,193,0,0,0
1360,193,0,0,0
1361,191,0,0,0
1362,190,0,0,0
1363,187,0,0,0
1364,185,0,0,0
1365,181,0,0,0
1366,177,0,0,0
1367,172,0,0,0
1368,167,0,0,0
1369,162,0,0,0
1370,157,0,0,0
1371,151,0,0,0
1372,146,0,0,0
1373,140,0,0,0
1374,133,0,0,0
1375,127,0,0,0
1376,121,0,0,0
1377,114,0,0,0
1378,107,0,0,0
1379,100,0,0,0
1380,95,0,0,0
1381,89,0,0,0
1382,84,0,0,0
1383,80,0,0,0
1384,76,0,0,0
1385,72,0,0,0
1386,69,0,0,0
1387,66,0,0,0
1388,64,0,0,0
1389,62,0,0,0
1390,60,0,0,0
1391,60,0,0,0
1392,60,0,0,0
1393,60,0,0,0
1394,60,0,0,0
1395,60,0,0,0
1396,60,0,0,0
1397,59,0,0,0
1398,57,0,0,0
1399,55,0,0,0
1400,55,0,0,0
1401,54,0,0,0
1402,53,0,0,0
1403,52,0,0,0
1404,50,0,0,0
1405,47,0,0,0
1406,46,0,0,0
1407,46,0,0,0
1408,47,0,0,0
1409,48,0,0,0
1410,50,0,0,0
1411,51,0,0,0
1412,51,0,0,0
1413,50,0,0,0
1414,48,0,0,0
1415,47,0,0,0
1416,46,0,0,0
1417,44,0,0,0
1418,43,0,0,0
1419,41,0,0,0
1420,41,0,0,0
1421,39,0,0,0
1422,38,0,0,0
1423,37,0,0,0
1424,35,0,0,0
1425,33,0,0,0
1426,30,0,0,0
1427,28,0,0,0
1428,26,0,0,0
1429,24,0,0,0
1430,22,0,0,0
1431,20,0,0,0
1432,19,0,0,0
1433,17,0,0,0
1434,15,0,0,0
1435,14,0,0,0
1436,13,0,0,0
1437,12,0,0,0
1438,11,0,0,0
1439,10,0,0,0
1440,9,0,0,0
1441,9,0,0,0
1442,8,0,0,0
1443,7,0,0,0
1444,7,0,0,0
1445,6,0,0,0
1446,6,0,0,0
1447,5,0,0,0
1448,5,0,0,0
1449,4,0,0,0
1450,4,0,0,0
1451,3,0,0,0
1452,3,0,0,0
1453,3,0,0,0
1454,2,0,0,0
1455,2,0,0,0
1456,2,0,0,0
1457,2,0,0,0
1458,2,0,0,0
1459,1,0,0,0
1460,3,0,0,0
1461,3,0,0,0
1462,2,0,0,0
1463,2,0,0,0
1464,2,0,0,0
1465,1,0,0,0
1466,1,0,0,0
1467,1,0,0,0
1468,1,0,0,0
1469,2,0,0,0
1470,3,0,0,0
1471,3,0,0,0
1472,3,0,0,0
1473,2,0,0,0
1474,2,0,0,0
1475,1,0,0,0
1476,2,0,0,0
1477,1,0,0,0
1478,1,0,0,0
1479,1,0,0,0
1480,1,0,0,0
1481,0,0,0,0
1482,0,0,0,0
1483,0,0,0,0
1484,0,0,0,0
1485,0,0,0,0
1486,0,0,0,0
1487,0,0,0,0
1488,0,0,0,0
1489,0,0,0,0
1490,0,0,0,0
1491,0,0,0,0
1492,0,0,0,0
1493,0,0,0,0
1494,0,0,0,0
1495,0,0,0,0
1496,0,0,0,0
1497,0,0,0,0
1498,0,0,0,0
1499,0,0,0,0
1500,0,0,0,0
1501,0,0,0,0
1502,0,0,0,0
1503,0,0,0,0
1504,0,0,0,0
1505,0,0,0,0
1506,0,0,0,0
1507,0,0,0,0
1508,0,0,0,0
1509,0,0,0,0
1510,0,0,0,0
1511,0,0,0,0
1512,0,0,0,0
1513,0,0,0,0
1514,0,0,0,0
1515,0,0,0,0
1516,0,0,0,0
1517,0,0,0,0
1518,0,0,0,0
1519,0,0,0,0
1520,0,0,0,0
1521,1,0,0,0
1522,1,0,0,0
1523,1,0,0,0
1524,1,0,0,0
1525,1,0,0,0
1526,1,0,0,0
1527,0,0,0,0
1528,1,0,0,0
1529,0,0,0,0
1530,0,0,0,0
1531,0,0,0,0
1532,0,0,0,0
1533,0,0,0,0
1534,0,0,0,0
1535,0,0,0,0
1536,0,0,0,0
1537,0,0,0,0
1538,0,0,0,0
1539,0,0,0,0
1540,0,0,0,0
1541,0,0,0,0
1542,0,0,0,0
1543,0,0,0,0
1544,0,0,0,0
1545,0,0,0,0
1546,0,0,0,0
1547,0,0,0,0
1548,0,0,0,0
1549,0,0,0,0
1550,0,0,0,0
1551,0,0,0,0
1552,0,0,0,0
1553,0,0,0,0
1554,0,0,0,0
1555,0,0,0,0
1556,0,0,0,0
1557,0,0,0,0
1558,0,0,0,0
1559,0,0,0,0
1560,0,0,0,0
1561,0,0,0,0
1562,0,0,0,0
1563,0,0,0,0
1564,0,0,0,0
1565,0,0,0,0
1566,0,0,0,0
1567,0,0,0,0
1568,0,0,0,0
1569,0,0,0,0
1570,0,0,0,0
1571,0,0,0,0
1572,0,0,0,0
1573,0,0,0,0
1574,0,0,0,0
1575,0,0,0,0
1576,0,0,0,0
1577,0,0,0,0
1578,0,0,0,0
1579,0,0,0,0
1580,0,0,0,0
1581,0,0,0,0
1582,0,0,0,0
1583,0,0,0,0
1584,0,0,0,0
1585,1,0,0,0
1586,3,0,0,0
1587,3,0,0,0
1588,3,0,0,0
1589,3,0,0,0
1590,3,0,0,0
1591,3,0,0,0
1592,4,0,0,0
1593,5,0,0,0
1594,7,0,0,0
1595,7,0,0,0
1596,10,0,0,0
1597,12,0,0,0
1598,14,0,0,0
1599,15,0,0,0
1600,17,0,0,0
1601,17,0,0,0
1602,17,0,0,0
1603,17,0,0,0
1604,17,0,0,0
1605,17,0,0,0
1606,16,0,0,0
1607,15,0,0,0
1608,15,0,0,0
1609,13,0,0,0
1610,12,0,0,0
1611,10,0,0,0
1612,10,0,0,0
1613,8,0,0,0
1614,7,0,0,0
1615,7,0,0,0
1616,7,0,0,0
1617,7,0,0,0
1618,7,0,0,0
1619,7,0,0,0
1620,8,0,0,0
1621,9,0,0,0
1622,11,0,0,0
1623,14,0,0,0
1624,17,0,0,0
1625,20,0,0,0
1626,25,0,0,0
1627,30,0,0,0
1628,35,0,0,0
1629,41,0,0,0
1630,46,0,0,0
1631,51,0,0,0
1632,56,0,0,0
1633,61,0,0,0
1634,67,0,0,0
1635,73,0,0,0
1636,79,0,0,0
1637,84,0,0,0
1638,90,0,0,0
1639,96,0,0,0
1640,103,0,0,0
1641,111,0,0,0
1642,119,0,0,0
1643,129,0,0,0
1644,139,0,0,0
1645,147,0,0,0
1646,157,0,0,0
1647,166,0,0,0
1648,175,0,0,0
1649,183,0,0,0
1650,191,0,0,0
1651,199,0,0,0
1652,206,0,0,0
1653,214,0,0,0
1654,223,0,0,0
1655,231,0,0,0
1656,241,0,0,0
1657,250,0,0,0
1658,260,0,0,0
1659,270,0,0,0
1660,281,0,0,0
1661,292,0,0,0
1662,303,0,0,0
1663,314,0,0,0
1664,324,0,0,0
1665,335,0,0,0
1666,344,0,0,0
1667,354,0,0,0
1668,364,0,0,0
1669,372,0,0,0
1670,382,0,0,0
1671,392,0,0,0
1672,403,0,0,0
1673,415,1,0,0
1674,427,1,0,0
1675,440,1,0,0
1676,454,0,0,0
1677,468,1,0,0
1678,482,1,0,0
1679,496,1,0,0
1680,511,1,0,0
1681,525,1,0,0
1682,540,1,0,0
1683,552,1,0,0
1684,565,1,0,0
1685,575,1,0,0
1686,585,2,0,0
1687,595,2,0,0
1688,603,2,0,0
1689,611,2,0,0
1690,619,2,0,0
1691,626,2,0,0
1692,632,2,0,0
1693,638,1,0,0
1694,644,2,0,0
1695,650,2,0,0
1696,656,2,0,0
1697,663,2,0,0
1698,672,2,0,0
1699,682,3,0,0
1700,693,3,0,0
1701,704,2,0,0
1702,715,3,0,0
1703,727,3,0,0
1704,738,3,0,0
1705,748,3,0,0
1706,758,3,0,0
1707,767,3,0,0
1708,776,3,0,0
1709,784,3,0,0
1710,792,3,0,0
1711,799,3,0,0
1712,806,3,0,0
1713,809,3,0,0
1714,812,3,0,0
1715,812,4,0,0
1716,812,3,0,0
1717,814,3,0,0
1718,816,4,0,0
1719,817,3,0,0
1720,818,3,0,0
1721,817,3,0,0
1722,816,3,0,0
1723,815,4,0,0
1724,815,3,0,0
1725,817,3,0,0
1726,820,3,0,0
1727,825,4,0,0
1728,831,4,0,0
1729,836,4,0,0
1730,842,4,0,0
1731,846,4,0,0
1732,851,4,0,0
1733,855,4,0,0
1734,860,4,0,0
1735,865,4,0,0
1736,870,4,0,0
1737,874,3,0,0
1738,877,4,0,0
1739,881,4,0,0
1740,884,4,0,0
1741,888,4,0,0
1742,892,4,0,0
1743,897,5,0,0
1744,903,5,0,0
1745,908,4,0,0
1746,914,5,0,0
1747,919,5,0,0
1748,923,5,0,0
1749,927,5,0,0
1750,932,5,0,0
1751,937,5,0,0
1752,943,5,0,0
1753,947,5,0,0
1754,951,5,0,0
1755,954,5,0,0
1756,956,5,0,0
1757,957,4,0,0
1758,960,5,0,0
1759,961,5,0,0
1760,964,5,0,0
1761,967,5,0,0
1762,969,5,0,0
1763,973,6,0,0
1764,975,5,0,0
1765,977,5,0,0
1766,980,6,0,0
1767,983,6,0,0
1768,985,6,0,0
1769,988,6,0,0
1770,990,6,0,0
1771,992,6,0,0
1772,994,6,0,0
1773,996,6,0,0
1774,997,6,0,0
1775,998,6,0,0
1776,997,6,0,0
1777,996,6,0,0
1778,996,6,0,0
1779,996,6,0,0
1780,996,6,0,0
1781,993,6,0,0
1782,990,6,0,0
1783,987,6,0,0
1784,985,6,0,0
1785,984,6,0,0
1786,986,6,0,0
1787,989,6,0,0
1788,992,6,0,0
1789,995,5,0,0
1790,997,6,0,0
1791,999,6,0,0
1792,1001,6,0,0
1793,1002,6,0,0
1794,1004,6,0,0
1795,1005,6,0,0
1796,1006,6,0,0
1797,1008,6,0,0
1798,1008,6,0,0
1799,1009,6,0,0
1800,1009,6,0,0
1801,1008,5,0,0
1802,1008,6,0,0
1803,1007,6,0,0
1804,1006,6,0,0
1805,1004,6,0,0
1806,1001,6,0,0
1807,996,6,0,0
1808,991,5,0,0
1809,984,6,0,0
1810,976,6,0,0
1811,966,6,0,0
1812,957,5,0,0
1813,945,5,0,0
1814,934,5,0,0
1815,921,5,0,0
1816,908,5,0,0
1817,895,4,0,0
1818,881,4,0,0
1819,867,4,0,0
1820,853,4,0,0
1821,838,4,0,0
1822,823,4,0,0
1823,808,4,0,0
1824,794,3,0,0
1825,779,3,0,0
1826,765,3,0,0
1827,751,3,0,0
1828,737,3,0,0
1829,724,3,0,0
1830,711,3,0,0
1831,699,3,0,0
1832,686,2,0,0
1833,673,1,0,0
1834,661,2,0,0
1835,649,2,0,0
1836,637,2,0,0
1837,624,2,0,0
1838,611,2,0,0
1839,598,2,0,0
1840,584,1,0,0
1841,568,1,0,0
1842,551,1,0,0
1843,534,1,0,0
1844,517,1,0,0
1845,500,0,0,0
1846,483,1,0,0
1847,466,1,0,0
1848,449,0,0,0
1849,432,1,0,0
1850,416,0,0,0
1851,401,1,0,0
1852,387,0,0,0
1853,374,0,0,0
1854,362,0,0,0
1855,351,0,0,0
1856,339,0,0,0
1857,328,0,0,0
1858,317,0,0,0
1859,305,0,0,0
1860,294,0,0,0
1861,282,0,0,0
1862,271,0,0,0
1863,261,0,0,0
1864,251,0,0,0
1865,240,0,0,0
1866,229,0,0,0
1867,218,0,0,0
1868,207,0,0,0
1869,198,0,0,0
1870,188,0,0,0
1871,178,0,0,0
1872,169,0,0,0
1873,160,0,0,0
1874,151,0,0,0
1875,143,0,0,0
1876,135,0,0,0
1877,127,0,0,0
1878,120,0,0,0
1879,114,0,0,0
1880,108,0,0,0
1881,103,0,0,0
1882,98,0,0,0
1883,93,0,0,0
1884,88,0,0,0
1885,82,0,0,0
1886,78,0,0,0
1887,72,0,0,0
1888,68,0,0,0
1889,64,0,0,0
1890,60,0,0,0
1891,56,0,0,0
1892,53,0,0,0
1893,49,0,0,0
1894,46,0,0,0
1895,43,0,0,0
1896,41,0,0,0
1897,38,0,0,0
1898,36,0,0,0
1899,34,0,0,0
1900,32,0,0,0
1901,30,0,0,0
1902,28,0,0,0
1903,28,0,0,0
1904,30,0,0,0
1905,31,0,0,0
1906,32,0,0,0
1907,30,0,0,0
1908,28,0,0,0
1909,25,0,0,0
1910,24,0,0,0
1911,22,0,0,0
1912,21,0,0,0
1913,19,0,0,0
1914,18,0,0,0
1915,18,0,0,0
1916,18,0,0,0
1917,17,0,0,0
1918,16,0,0,0
1919,15,0,0,0
1920,15,0,0,0
1921,13,0,0,0
1922,13,0,0,0
1923,12,0,0,0
1924,11,0,0,0
1925,10,0,0,0
1926,9,0,0,0
1927,9,0,0,0
1928,8,0,0,0
1929,7,0,0,0
1930,7,0,0,0
1931,7,0,0,0
1932,7,0,0,0
1933,6,0,0,0
1934,6,0,0,0
1935,5,0,0,0
1936,5,0,0,0
1937,4,0,0,0
1938,4,0,0,0
1939,4,0,0,0
1940,4,0,0,0
1941,3,0,0,0
1942,3,0,0,0
1943,3,0,0,0
1944,3,0,0,0
1945,3,0,0,0
1946,2,0,0,0
1947,2,0,0,0
1948,2,0,0,0
1949,2,0,0,0
1950,2,0,0,0
1951,2,0,0,0
1952,2,0,0,0
1953,1,0,0,0
1954,1,0,0,0
1955,1,0,0,0
1956,1,0,0,0
1957,1,0,0,0
1958,1,0,0,0
1959,1,0,0,0
1960,1,0,0,0
1961,1,0,0,0
1962,1,0,0,0
1963,1,0,0,0
1964,1,0,0,0
1965,1,0,0,0
1966,1,0,0,0
1967,0,0,0,0
1968,0,0,0,0
1969,0,0,0,0
1970,1,0,0,0
1971,1,0,0,0
1972,1,0,0,0
1973,1,0,0,0
1974,1,0,0,0
1975,1,0,0,0
1976,5,0,0,0
1977,7,0,0,0
1978,8,0,0,0
1979,8,0,0,0
1980,7,0,0,0
1981,6,0,0,0
1982,6,0,0,0
1983,5,0,0,0
1984,5,0,0,0
1985,4,0,0,0
1986,3,0,0,0
1987,3,0,0,0
1988,3,0,0,0
1989,2,0,0,0
1990,2,0,0,0
1991,2,0,0,0
1992,1,0,0,0
1993,1,0,0,0
1994,1,0,0,0
1995,1,0,0,0
1996,1,0,0,0
1997,1,0,0,0
1998,1,0,0,0
1999,1,0,0,0
2000,2,0,0,0
2001,3,0,0,0
2002,3,0,0,0
2003,4,0,0,0
2004,5,0,0,0
2005,6,0,0,0
2006,7,0,0,0
2007,9,0,0,0
2008,11,0,0,0
2009,12,0,0,0
2010,14,0,0,0
2011,15,0,0,0
2012,17,0,0,0
2013,18,0,0,0
2014,20,0,0,0
2015,22,0,0,0
2016,24,0,0,0
2017,26,0,0,0
2018,28,0,0,0
2019,30,0,0,0
2020,32,0,0,0
2021,34,0,0,0
2022,36,0,0,0
2023,39,0,0,0
2024,41,0,0,0
2025,43,0,0,0
2026,45,0,0,0
2027,47,0,0,0
2028,50,0,0,0
2029,52,0,0,0
2030,55,0,0,0
2031,58,0,0,0
2032,62,0,0,0
2033,64,0,0,0
2034,67,0,0,0
2035,71,0,0,0
2036,74,0,0,0
2037,78,0,0,0
2038,82,0,0,0
2039,86,0,0,0
2040,90,0,0,0
2041,93,0,0,0
2042,97,0,0,0
2043,102,0,0,0
2044,107,0,0,0
2045,113,0,0,0
2046,119,0,0,0
2047,124,0,0,0
2048,131,0,0,0
2049,140,0,0,0
2050,150,0,0,0
2051,160,0,0,0
2052,170,0,0,0
2053,178,0,0,0
2054,185,0,0,0
2055,193,0,0,0
2056,201,0,0,0
2057,209,0,0,0
2058,217,0,0,0
2059,226,0,0,0
2060,235,0,0,0
2061,244,0,0,0
2062,254,0,0,0
2063,263,0,0,0
2064,272,0,0,0
2065,280,0,0,0
2066,286,0,0,0
2067,293,0,0,0
2068,299,0,0,0
2069,305,0,0,0
2070,310,0,0,0
2071,315,0,0,0
2072,319,0,0,0
2073,323,0,0,0
2074,327,0,0,0
2075,331,0,0,0
2076,334,0,0,0
2077,335,0,0,0
2078,337,0,0,0
2079,337,0,0,0
2080,337,0,0,0
2081,337,0,0,0
2082,336,0,0,0
2083,335,0,0,0
2084,333,0,0,0
2085,331,0,0,0
2086,330,0,0,0
2087,329,0,0,0
2088,327,0,0,0
2089,323,0,0,0
2090,319,0,0,0
2091,314,0,0,0
2092,310,0,0,0
2093,305,0,0,0
2094,301,0,0,0
2095,297,0,0,0
2096,294,0,0,0
2097,290,0,0,0
2098,287,0,0,0
2099,283,0,0,0
2100,280,0,0,0
2101,277,0,0,0
2102,273,0,0,0
2103,270,0,0,0
2104,268,0,0,0
2105,266,0,0,0
2106,265,0,0,0
2107,265,0,0,0
2108,265,0,0,0
2109,265,0,0,0
2110,265,0,0,0
2111,265,0,0,0
2112,266,0,0,0
2113,266,0,0,0
2114,267,0,0,0
2115,268,0,0,0
2116,270,0,0,0
2117,271,0,0,0
2118,274,0,0,0
2119,275,0,0,0
2120,275,0,0,0
2121,275,0,0,0
2122,276,0,0,0
2123,280,0,0,0
2124,284,0,0,0
2125,286,0,0,0
2126,286,0,0,0
2127,287,0,0,0
2128,289,0,0,0
2129,291,0,0,0
2130,294,0,0,0
2131,299,0,0,0
2132,305,0,0,0
2133,313,0,0,0
2134,322,0,0,0
2135,331,0,0,0
2136,339,0,0,0
2137,346,0,0,0
2138,352,0,0,0
2139,357,0,0,0
2140,363,0,0,0
2141,368,0,0,0
2142,372,0,0,0
2143,376,0,0,0
2144,381,0,0,0
2145,384,0,0,0
2146,388,0,0,0
2147,391,0,0,0
2148,394,0,0,0
2149,395,0,0,0
2150,395,0,0,0
2151,395,0,0,0
2152,395,0,0,0
2153,394,0,0,0
2154,393,0,0,0
2155,393,0,0,0
2156,394,0,0,0
2157,394,0,0,0
2158,394,0,0,0
2159,394,0,0,0
2160,393,0,0,0
2161,391,0,0,0
2162,391,0,0,0
2163,389,0,0,0
2164,388,0,0,0
2165,387,0,0,0
2166,386,0,0,0
2167,384,0,0,0
2168,384,0,0,0
2169,382,0,0,0
2170,380,0,0,0
2171,379,0,0,0
2172,378,0,0,0
2173,377,0,0,0
2174,376,0,0,0
2175,376,0,0,0
2176,377,0,0,0
2177,378,0,0,0
2178,381,0,0,0
2179,384,0,0,0
2180,389,0,0,0
2181,393,0,0,0
2182,399,0,0,0
2183,403,1,0,0
2184,408,0,0,0
2185,412,0,0,0
2186,416,0,0,0
2187,423,1,0,0
2188,429,1,0,0
2189,435,1,0,0
2190,439,1,0,0
2191,442,1,0,0
2192,444,1,0,0
2193,447,1,0,0
2194,449,1,0,0
2195,453,1,0,0
2196,458,0,0,0
2197,463,1,0,0
2198,468,1,0,0
2199,473,1,0,0
2200,479,1,0,0
2201,483,1,0,0
2202,489,1,0,0
2203,494,1,0,0
2204,499,1,0,0
2205,504,1,0,0
2206,508,1,0,0
2207,512,1,0,0
2208,516,1,0,0
2209,519,1,0,0
2210,523,1,0,0
2211,527,1,0,0
2212,529,1,0,0
2213,531,1,0,0
2214,533,1,0,0
2215,534,1,0,0
2216,536,1,0,0
2217,537,0,0,0
2218,538,1,0,0
2219,539,1,0,0
2220,541,1,0,0
2221,542,1,0,0
2222,543,1,0,0
2223,544,1,0,0
2224,544,1,0,0
2225,544,0,0,0
2226,543,1,0,0
2227,543,1,0,0
2228,542,1,0,0
2229,540,1,0,0
2230,539,1,0,0
2231,537,1,0,0
2232,535,1,0,0
2233,532,1,0,0
2234,530,1,0,0
2235,527,1,0,0
2236,525,1,0,0
2237,523,1,0,0
2238,521,1,0,0
2239,519,1,0,0
2240,518,1,0,0
2241,516,1,0,0
2242,515,1,0,0
2243,514,1,0,0
2244,512,1,0,0
2245,509,1,0,0
2246,505,1,0,0
2247,503,1,0,0
2248,499,1,0,0
2249,497,1,0,0
2250,495,1,0,0
2251,491,1,0,0
2252,486,1,0,0
2253,480,1,0,0
2254,473,1,0,0
2255,467,1,0,0
2256,463,1,0,0
2257,459,1,0,0
2258,456,1,0,0
2259,454,1,0,0
2260,453,1,0,0
2261,452,0,0,0
2262,451,1,0,0
2263,450,1,0,0
2264,448,1,0,0
2265,446,1,0,0
2266,444,1,0,0
2267,443,1,0,0
2268,440,1,0,0
2269,436,0,0,0
2270,434,1,0,0
2271,431,1,0,0
2272,428,1,0,0
2273,424,1,0,0
2274,421,0,0,0
2275,416,0,0,0
2276,411,0,0,0
2277,405,0,0,0
2278,399,0,0,0
2279,393,0,0,0
2280,387,0,0,0
2281,380,0,0,0
2282,374,0,0,0
2283,367,0,0,0
2284,359,0,0,0
2285,352,0,0,0
2286,343,0,0,0
2287,335,0,0,0
2288,326,0,0,0
2289,316,0,0,0
2290,306,0,0,0
2291,294,0,0,0
2292,283,0,0,0
2293,269,0,0,0
2294,256,0,0,0
2295,242,0,0,0
2296,227,0,0,0
2297,211,0,0,0
2298,198,0,0,0
2299,185,0,0,0
2300,174,0,0,0
2301,162,0,0,0
2302,151,0,0,0
2303,142,0,0,0
2304,133,0,0,0
2305,124,0,0,0
2306,116,0,0,0
2307,108,0,0,0
2308,102,0,0,0
2309,96,0,0,0
2310,90,0,0,0
2311,84,0,0,0
2312,79,0,0,0
2313,73,0,0,0
2314,69,0,0,0
2315,64,0,0,0
2316,60,0,0,0
2317,56,0,0,0
2318,52,0,0,0
2319,50,0,0,0
2320,49,0,0,0
2321,49,0,0,0
2322,51,0,0,0
2323,52,0,0,0
2324,54,0,0,0
2325,53,0,0,0
2326,53,0,0,0
2327,51,0,0,0
2328,48,0,0,0
2329,44,0,0,0
2330,41,0,0,0
2331,38,0,0,0
2332,36,0,0,0
2333,34,0,0,0
2334,31,0,0,0
2335,30,0,0,0
2336,28,0,0,0
2337,25,0,0,0
2338,24,0,0,0
2339,22,0,0,0
2340,21,0,0,0
2341,19,0,0,0
2342,18,0,0,0
2343,17,0,0,0
2344,16,0,0,0
2345,15,0,0,0
2346,14,0,0,0
2347,13,0,0,0
2348,12,0,0,0
2349,11,0,0,0
2350,10,0,0,0
2351,10,0,0,0
2352,9,0,0,0
2353,8,0,0,0
2354,8,0,0,0
2355,7,0,0,0
2356,7,0,0,0
2357,7,0,0,0
2358,6,0,0,0
2359,6,0,0,0
2360,6,0,0,0
2361,5,0,0,0
2362,4,0,0,0
2363,4,0,0,0
2364,4,0,0,0
2365,4,0,0,0
2366,4,0,0,0
2367,4,0,0,0
2368,4,0,0,0
2369,5,0,0,0
2370,9,0,0,0
2371,14,0,0,0
2372,16,0,0,0
2373,16,0,0,0
2374,14,0,0,0
2375,13,0,0,0
2376,12,0,0,0
2377,12,0,0,0
2378,13,0,0,0
2379,15,0,0,0
2380,18,0,0,0
2381,22,0,0,0
2382,27,0,0,0
2383,33,0,0,0
2384,39,0,0,0
2385,44,0,0,0
2386,48,0,0,0
2387,53,0,0,0
2388,57,0,0,0
2389,60,0,0,0
2390,63,0,0,0
2391,65,0,0,0
2392,68,0,0,0
2393,69,0,0,0
2394,70,0,0,0
2395,71,0,0,0
2396,71,0,0,0
2397,70,0,0,0
2398,69,0,0,0
2399,67,0,0,0
2400,66,0,0,0
2401,64,0,0,0
2402,63,0,0,0
2403,60,0,0,0
2404,58,0,0,0
2405,54,0,0,0
2406,51,0,0,0
2407,48,0,0,0
2408,45,0,0,0
2409,40,0,0,0
2410,37,0,0,0
2411,34,0,0,0
2412,31,0,0,0
2413,28,0,0,0
2414,27,0,0,0
2415,25,0,0,0
2416,25,0,0,0
2417,24,0,0,0
2418,24,0,0,0
2419,24,0,0,0
2420,24,0,0,0
2421,23,0,0,0
2422,23,0,0,0
2423,23,0,0,0
2424,22,0,0,0
2425,21,0,0,0
2426,19,0,0,0
2427,17,0,0,0
2428,16,0,0,0
2429,14,0,0,0
2430,13,0,0,0
2431,12,0,0,0
2432,11,0,0,0
2433,10,0,0,0
2434,11,0,0,0
2435,14,0,0,0
2436,19,0,0,0
2437,21,0,0,0
2438,23,0,0,0
2439,23,0,0,0
2440,21,0,0,0
2441,20,0,0,0
2442,20,0,0,0
2443,21,0,0,0
2444,22,0,0,0
2445,23,0,0,0
2446,25,0,0,0
2447,28,0,0,0
2448,30,0,0,0
2449,32,0,0,0
2450,34,0,0,0
2451,35,0,0,0
2452,36,0,0,0
2453,35,0,0,0
2454,35,0,0,0
2455,34,0,0,0
2456,34,0,0,0
2457,32,0,0,0
2458,31,0,0,0
2459,29,0,0,0
2460,28,0,0,0
2461,26,0,0,0
2462,23,0,0,0
2463,21,0,0,0
2464,19,0,0,0
2465,17,0,0,0
2466,16,0,0,0
2467,14,0,0,0
2468,13,0,0,0
2469,12,0,0,0
2470,11,0,0,0
2471,10,0,0,0
2472,9,0,0,0
2473,8,0,0,0
2474,7,0,0,0
2475,7,0,0,0
2476,6,0,0,0
2477,5,0,0,0
2478,5,0,0,0
2479,4,0,0,0
2480,5,0,0,0
2481,4,0,0,0
2482,3,0,0,0
2483,3,0,0,0
2484,3,0,0,0
2485,3,0,0,0
2486,2,0,0,0
2487,2,0,0,0
2488,2,0,0,0
2489,2,0,0,0
2490,2,0,0,0
2491,2,0,0,0
2492,2,0,0,0
2493,1,0,0,0
2494,1,0,0,0
2495,1,0,0,0
2496,1,0,0,0
2497,1,0,0,0
2498,1,0,0,0
2499,1,0,0,0
2500,1,0,0,0
2501,1,0,0,0
2502,2,0,0,0
2503,3,0,0,0
2504,2,0,0,0
2505,2,0,0,0
2506,4,0,0,0
2507,8,0,0,0
2508,13,0,0,0
2509,16,0,0,0
2510,19,0,0,0
2511,20,0,0,0
2512,22,0,0,0
2513,24,0,0,0
2514,28,0,0,0
2515,31,0,0,0
2516,34,0,0,0
2517,38,0,0,0
2518,43,0,0,0
2519,47,0,0,0
2520,52,0,0,0
2521,56,0,0,0
2522,60,0,0,0
2523,65,0,0,0
2524,70,0,0,0
2525,74,0,0,0
2526,78,0,0,0
2527,81,0,0,0
2528,85,0,0,0
2529,87,0,0,0
2530,90,0,0,0
2531,92,0,0,0
2532,95,0,0,0
2533,96,0,0,0
2534,97,0,0,0
2535,99,0,0,0
2536,99,0,0,0
2537,100,0,0,0
2538,101,0,0,0
2539,103,0,0,0
2540,103,0,0,0
2541,104,0,0,0
2542,105,0,0,0
2543,107,0,0,0
2544,109,0,0,0
2545,110,0,0,0
2546,112,0,0,0
2547,114,0,0,0
2548,116,0,0,0
2549,119,0,0,0
2550,122,0,0,0
2551,125,0,0,0
2552,129,0,0,0
2553,132,0,0,0
2554,137,0,0,0
2555,141,0,0,0
2556,146,0,0,0
2557,151,0,0,0
2558,155,0,0,0
2559,159,0,0,0
2560,164,0,0,0
2561,169,0,0,0
2562,174,0,0,0
2563,178,0,0,0
2564,182,0,0,0
2565,186,0,0,0
2566,190,0,0,0
2567,193,0,0,0
2568,196,0,0,0
2569,199,0,0,0
2570,201,0,0,0
2571,203,0,0,0
2572,205,0,0,0
2573,207,0,0,0
2574,207,0,0,0
2575,208,0,0,0
2576,209,0,0,0
2577,209,0,0,0
2578,210,0,0,0
2579,211,0,0,0
2580,212,0,0,0
2581,212,0,0,0
2582,212,0,0,0
2583,213,0,0,0
2584,214,0,0,0
2585,219,0,0,0
2586,223,0,0,0
2587,226,0,0,0
2588,228,0,0,0
2589,227,0,0,0
2590,228,0,0,0
2591,229,0,0,0
2592,230,0,0,0
2593,232,0,0,0
2594,235,0,0,0
2595,239,0,0,0
2596,245,0,0,0
2597,251,0,0,0
2598,257,0,0,0
2599,263,0,0,0
2600,270,0,0,0
2601,274,0,0,0
2602,278,0,0,0
2603,281,0,0,0
2604,284,0,0,0
2605,286,0,0,0
2606,287,0,0,0
2607,289,0,0,0
2608,291,0,0,0
2609,291,0,0,0
2610,292,0,0,0
2611,294,0,0,0
2612,295,0,0,0
2613,294,0,0,0
2614,293,0,0,0
2615,291,0,0,0
2616,289,0,0,0
2617,286,0,0,0
2618,282,0,0,0
2619,279,0,0,0
2620,278,0,0,0
2621,276,0,0,0
2622,275,0,0,0
2623,274,0,0,0
2624,272,0,0,0
2625,269,0,0,0
2626,266,0,0,0
2627,262,0,0,0
2628,259,0,0,0
2629,256,0,0,0
2630,254,0,0,0
2631,252,0,0,0
2632,251,0,0,0
2633,249,0,0,0
2634,248,0,0,0
2635,247,0,0,0
2636,247,0,0,0
2637,247,0,0,0
2638,248,0,0,0
2639,249,0,0,0
2640,251,0,0,0
2641,253,0,0,0
2642,254,0,0,0
2643,255,0,0,0
2644,257,0,0,0
2645,257,0,0,0
2646,258,0,0,0
2647,259,0,0,0
2648,261,0,0,0
2649,263,0,0,0
2650,266,0,0,0
2651,269,0,0,0
2652,272,0,0,0
2653,274,0,0,0
2654,275,0,0,0
2655,276,0,0,0
2656,279,0,0,0
2657,282,0,0,0
2658,287,0,0,0
2659,290,0,0,0
2660,291,0,0,0
2661,291,0,0,0
2662,291,0,0,0
2663,292,0,0,0
2664,294,0,0,0
2665,297,0,0,0
2666,302,0,0,0
2667,308,0,0,0
2668,314,0,0,0
2669,321,0,0,0
2670,327,0,0,0
2671,332,0,0,0
2672,337,0,0,0
2673,341,0,0,0
2674,345,0,0,0
2675,349,0,0,0
2676,353,0,0,0
2677,356,0,0,0
2678,359,0,0,0
2679,363,0,0,0
2680,366,0,0,0
2681,369,0,0,0
2682,371,0,0,0
2683,372,0,0,0
2684,373,0,0,0
2685,372,0,0,0
2686,372,0,0,0
2687,371,0,0,0
2688,370,0,0,0
2689,369,0,0,0
2690,368,0,0,0
2691,367,0,0,0
2692,366,0,0,0
2693,364,0,0,0
2694,362,0,0,0
2695,359,0,0,0
2696,357,0,0,0
2697,354,0,0,0
2698,350,0,0,0
2699,347,0,0,0
2700,343,0,0,0
2701,339,0,0,0
2702,334,0,0,0
2703,329,0,0,0
2704,324,0,0,0
2705,319,0,0,0
2706,313,0,0,0
2707,309,0,0,0
2708,304,0,0,0
2709,299,0,0,0
2710,295,0,0,0
2711,291,0,0,0
2712,287,0,0,0
2713,284,0,0,0
2714,280,0,0,0
2715,276,0,0,0
2716,273,0,0,0
2717,270,0,0,0
2718,267,0,0,0
2719,264,0,0,0
2720,261,0,0,0
2721,257,0,0,0
2722,255,0,0,0
2723,253,0,0,0
2724,252,0,0,0
2725,249,0,0,0
2726,245,0,0,0
2727,240,0,0,0
2728,235,0,0,0
2729,228,0,0,0
2730,224,0,0,0
2731,220,0,0,0
2732,217,0,0,0
2733,215,0,0,0
2734,214,0,0,0
2735,214,0,0,0
2736,214,0,0,0
2737,213,0,0,0
2738,211,0,0,0
2739,209,0,0,0
2740,206,0,0,0
2741,203,0,0,0
2742,199,0,0,0
2743,194,0,0,0
2744,190,0,0,0
2745,185,0,0,0
2746,180,0,0,0
2747,175,0,0,0
2748,170,0,0,0
2749,163,0,0,0
2750,155,0,0,0
2751,147,0,0,0
2752,140,0,0,0
2753,132,0,0,0
2754,124,0,0,0
2755,115,0,0,0
2756,107,0,0,0
2757,100,0,0,0
2758,93,0,0,0
2759,87,0,0,0
2760,81,0,0,0
2761,75,0,0,0
2762,70,0,0,0
2763,65,0,0,0
2764,60,0,0,0
2765,56,0,0,0
2766,52,0,0,0
2767,48,0,0,0
2768,45,0,0,0
2769,42,0,0,0
2770,39,0,0,0
2771,36,0,0,0
2772,34,0,0,0
2773,31,0,0,0
2774,29,0,0,0
2775,28,0,0,0
2776,25,0,0,0
2777,24,0,0,0
2778,22,0,0,0
2779,20,0,0,0
2780,19,0,0,0
2781,17,0,0,0
2782,16,0,0,0
2783,15,0,0,0
2784,14,0,0,0
2785,13,0,0,0
2786,12,0,0,0
2787,12,0,0,0
2788,11,0,0,0
2789,11,0,0,0
2790,13,0,0,0
2791,16,0,0,0
2792,19,0,0,0
2793,18,0,0,0
2794,17,0,0,0
2795,16,0,0,0
2796,16,0,0,0
2797,15,0,0,0
2798,16,0,0,0
2799,17,0,0,0
2800,18,0,0,0
2801,21,0,0,0
2802,25,0,0,0
2803,29,0,0,0
2804,34,0,0,0
2805,38,0,0,0
2806,41,0,0,0
2807,45,0,0,0
2808,48,0,0,0
2809,50,0,0,0
2810,52,0,0,0
2811,54,0,0,0
2812,56,0,0,0
2813,57,0,0,0
2814,59,0,0,0
2815,60,0,0,0
2816,62,0,0,0
2817,63,0,0,0
2818,63,0,0,0
2819,63,0,0,0
2820,63,0,0,0
2821,62,0,0,0
2822,62,0,0,0
2823,61,0,0,0
2824,60,0,0,0
2825,59,0,0,0
2826,57,0,0,0
2827,55,0,0,0
2828,53,0,0,0
2829,51,0,0,0
2830,48,0,0,0
2831,44,0,0,0
2832,41,0,0,0
2833,37,0,0,0
2834,34,0,0,0
2835,31,0,0,0
2836,28,0,0,0
2837,25,0,0,0
2838,23,0,0,0
2839,21,0,0,0
2840,20,0,0,0
2841,18,0,0,0
2842,16,0,0,0
2843,15,0,0,0
2844,13,0,0,0
2845,12,0,0,0
2846,11,0,0,0
2847,10,0,0,0
2848,10,0,0,0
2849,8,0,0,0
2850,8,0,0,0
2851,7,0,0,0
2852,7,0,0,0
2853,6,0,0,0
2854,6,0,0,0
2855,5,0,0,0
2856,6,0,0,0
2857,5,0,0,0
2858,5,0,0,0
2859,4,0,0,0
2860,4,0,0,0
2861,5,0,0,0
2862,7,0,0,0
2863,11,0,0,0
2864,13,0,0,0
2865,13,0,0,0
2866,12,0,0,0
2867,11,0,0,0
2868,11,0,0,0
2869,12,0,0,0
2870,14,0,0,0
2871,16,0,0,0
2872,19,0,0,0
2873,21,0,0,0
2874,25,0,0,0
2875,29,0,0,0
2876,32,0,0,0
2877,35,0,0,0
2878,38,0,0,0
2879,40,0,0,0
2880,43,0,0,0
2881,44,0,0,0
2882,47,0,0,0
2883,48,0,0,0
2884,49,0,0,0
2885,51,0,0,0
2886,51,0,0,0
2887,52,0,0,0
2888,53,0,0,0
2889,53,0,0,0
2890,53,0,0,0
2891,53,0,0,0
2892,53,0,0,0
2893,52,0,0,0
2894,52,0,0,0
2895,52,0,0,0
2896,51,0,0,0
2897,51,0,0,0
2898,51,0,0,0
2899,50,0,0,0
2900,50,0,0,0
2901,49,0,0,0
2902,48,0,0,0
2903,47,0,0,0
2904,46,0,0,0
2905,44,0,0,0
2906,43,0,0,0
2907,42,0,0,0
2908,40,0,0,0
2909,39,0,0,0
2910,37,0,0,0
2911,36,0,0,0
2912,35,0,0,0
2913,33,0,0,0
2914,33,0,0,0
2915,32,0,0,0
2916,32,0,0,0
2917,31,0,0,0
2918,31,0,0,0
2919,31,0,0,0
2920,31,0,0,0
2921,32,0,0,0
2922,32,0,0,0
2923,32,0,0,0
2924,33,0,0,0
2925,33,0,0,0
2926,33,0,0,0
2927,32,0,0,0
2928,32,0,0,0
2929,31,0,0,0
2930,29,0,0,0
2931,29,0,0,0
2932,29,0,0,0
2933,30,0,0,0
2934,30,0,0,0
2935,30,0,0,0
2936,29,0,0,0
2937,29,0,0,0
2938,32,0,0,0
2939,38,0,0,0
2940,43,0,0,0
2941,46,0,0,0
2942,48,0,0,0
2943,50,0,0,0
2944,53,0,0,0
2945,55,0,0,0
2946,59,0,0,0
2947,62,0,0,0
2948,67,0,0,0
2949,72,0,0,0
2950,78,0,0,0
2951,85,0,0,0
2952,92,0,0,0
2953,99,0,0,0
2954,105,0,0,0
2955,111,0,0,0
2956,116,0,0,0
2957,120,0,0,0
2958,125,0,0,0
2959,129,0,0,0
2960,134,0,0,0
2961,137,0,0,0
2962,141,0,0,0
2963,144,0,0,0
2964,147,0,0,0
2965,149,0,0,0
2966,151,0,0,0
2967,152,0,0,0
2968,152,0,0,0
2969,151,0,0,0
2970,149,0,0,0
2971,145,0,0,0
2972,139,0,0,0
2973,132,0,0,0
2974,125,0,0,0
2975,119,0,0,0
2976,113,0,0,0
2977,107,0,0,0
2978,100,0,0,0
2979,92,0,0,0
2980,85,0,0,0
2981,78,0,0,0
2982,71,0,0,0
2983,65,0,0,0
2984,60,0,0,0
2985,56,0,0,0
2986,51,0,0,0
2987,47,0,0,0
2988,43,0,0,0
2989,39,0,0,0
2990,36,0,0,0
2991,33,0,0,0
2992,31,0,0,0
2993,28,0,0,0
2994,26,0,0,0
2995,24,0,0,0
2996,23,0,0,0
2997,23,0,0,0
2998,23,0,0,0
2999,23,0,0,0
3000,24,0,0,0
3001,25,0,0,0
3002,26,0,0,0
3003,28,0,0,0
3004,29,0,0,0
3005,28,0,0,0
3006,27,0,0,0
3007,25,0,0,0
3008,25,0,0,0
3009,25,0,0,0
3010,25,0,0,0
3011,25,0,0,0
3012,28,0,0,0
3013,31,0,0,0
3014,37,0,0,0
3015,42,0,0,0
3016,47,0,0,0
3017,51,0,0,0
3018,55,0,0,0
3019,58,0,0,0
3020,63,0,0,0
3021,69,0,0,0
3022,77,0,0,0
3023,86,0,0,0
3024,96,0,0,0
3025,105,0,0,0
3026,114,0,0,0
3027,123,0,0,0
3028,131,0,0,0
3029,139,0,0,0
3030,147,0,0,0
3031,154,0,0,0
3032,161,0,0,0
3033,166,0,0,0
3034,172,0,0,0
3035,176,0,0,0
3036,180,0,0,0
3037,184,0,0,0
3038,187,0,0,0
3039,190,0,0,0
3040,192,0,0,0
3041,193,0,0,0
3042,194,0,0,0
3043,195,0,0,0
3044,196,0,0,0
3045,195,0,0,0
3046,195,0,0,0
3047,195,0,0,0
3048,195,0,0,0
3049,193,0,0,0
3050,190,0,0,0
3051,187,0,0,0
3052,182,0,0,0
3053,177,0,0,0
3054,171,0,0,0
3055,164,0,0,0
3056,158,0,0,0
3057,151,0,0,0
3058,144,0,0,0
3059,138,0,0,0
3060,133,0,0,0
3061,127,0,0,0
3062,122,0,0,0
3063,117,0,0,0
3064,113,0,0,0
3065,109,0,0,0
3066,106,0,0,0
3067,103,0,0,0
3068,102,0,0,0
3069,99,0,0,0
3070,98,0,0,0
3071,97,0,0,0
3072,97,0,0,0
3073,97,0,0,0
3074,97,0,0,0
3075,96,0,0,0
3076,96,0,0,0
3077,95,0,0,0
3078,96,0,0,0
3079,98,0,0,0
3080,100,0,0,0
3081,100,0,0,0
3082,100,0,0,0
3083,100,0,0,0
3084,101,0,0,0
3085,102,0,0,0
3086,105,0,0,0
3087,110,0,0,0
3088,115,0,0,0
3089,120,0,0,0
3090,125,0,0,0
3091,129,0,0,0
3092,134,0,0,0
3093,137,0,0,0
3094,139,0,0,0
3095,140,0,0,0
3096,141,0,0,0
3097,141,0,0,0
3098,141,0,0,0
3099,141,0,0,0
3100,141,0,0,0
3101,140,0,0,0
3102,140,0,0,0
3103,139,0,0,0
3104,135,0,0,0
3105,129,0,0,0
3106,124,0,0,0
3107,118,0,0,0
3108,112,0,0,0
3109,106,0,0,0
3110,99,0,0,0
3111,91,0,0,0
3112,84,0,0,0
3113,77,0,0,0
3114,71,0,0,0
3115,65,0,0,0
3116,61,0,0,0
3117,56,0,0,0
3118,51,0,0,0
3119,47,0,0,0
3120,44,0,0,0
3121,40,0,0,0
3122,37,0,0,0
3123,34,0,0,0
3124,32,0,0,0
3125,29,0,0,0
3126,27,0,0,0
3127,25,0,0,0
3128,23,0,0,0
3129,21,0,0,0
3130,19,0,0,0
3131,18,0,0,0
3132,16,0,0,0
3133,15,0,0,0
3134,14,0,0,0
3135,13,0,0,0
3136,12,0,0,0
3137,11,0,0,0
3138,10,0,0,0
3139,9,0,0,0
3140,9,0,0,0
3141,7,0,0,0
3142,7,0,0,0
3143,7,0,0,0
3144,10,0,0,0
3145,14,0,0,0
3146,16,0,0,0
3147,17,0,0,0
3148,16,0,0,0
3149,15,0,0,0
3150,13,0,0,0
3151,13,0,0,0
3152,14,0,0,0
3153,15,0,0,0
3154,17,0,0,0
3155,20,0,0,0
3156,23,0,0,0
3157,23,0,0,0
3158,24,0,0,0
3159,24,0,0,0
3160,24,0,0,0
3161,24,0,0,0
3162,24,0,0,0
3163,23,0,0,0
3164,23,0,0,0
3165,22,0,0,0
3166,22,0,0,0
3167,21,0,0,0
3168,21,0,0,0
3169,22,0,0,0
3170,23,0,0,0
3171,24,0,0,0
3172,24,0,0,0
3173,24,0,0,0
3174,23,0,0,0
3175,23,0,0,0
3176,23,0,0,0
3177,22,0,0,0
3178,22,0,0,0
3179,21,0,0,0
3180,20,0,0,0
3181,19,0,0,0
3182,17,0,0,0
3183,15,0,0,0
3184,14,0,0,0
3185,12,0,0,0
3186,11,0,0,0
3187,10,0,0,0
3188,10,0,0,0
3189,10,0,0,0
3190,10,0,0,0
3191,12,0,0,0
3192,15,0,0,0
3193,17,0,0,0
3194,19,0,0,0
3195,21,0,0,0
3196,22,0,0,0
3197,22,0,0,0
3198,22,0,0,0
3199,21,0,0,0
3200,20,0,0,0
3201,17,0,0,0
3202,15,0,0,0
3203,14,0,0,0
3204,13,0,0,0
3205,11,0,0,0
3206,10,0,0,0
3207,9,0,0,0
3208,9,0,0,0
3209,7,0,0,0
3210,9,0,0,0
3211,12,0,0,0
3212,16,0,0,0
3213,19,0,0,0
3214,20,0,0,0
3215,19,0,0,0
3216,18,0,0,0
3217,18,0,0,0
3218,18,0,0,0
3219,18,0,0,0
3220,18,0,0,0
3221,18,0,0,0
3222,18,0,0,0
3223,20,0,0,0
3224,22,0,0,0
3225,24,0,0,0
3226,28,0,0,0
3227,31,0,0,0
3228,35,0,0,0
3229,39,0,0,0
3230,43,0,0,0
3231,47,0,0,0
3232,52,0,0,0
3233,57,0,0,0
3234,63,0,0,0
3235,68,0,0,0
3236,73,0,0,0
3237,78,0,0,0
3238,83,0,0,0
3239,88,0,0,0
3240,93,0,0,0
3241,96,0,0,0
3242,100,0,0,0
3243,103,0,0,0
3244,107,0,0,0
3245,110,0,0,0
3246,111,0,0,0
3247,113,0,0,0
3248,113,0,0,0
3249,114,0,0,0
3250,114,0,0,0
3251,114,0,0,0
3252,114,0,0,0
3253,113,0,0,0
3254,112,0,0,0
3255,110,0,0,0
3256,109,0,0,0
3257,106,0,0,0
3258,103,0,0,0
3259,100,0,0,0
3260,97,0,0,0
3261,93,0,0,0
3262,89,0,0,0
3263,86,0,0,0
3264,82,0,0,0
3265,78,0,0,0
3266,74,0,0,0
3267,70,0,0,0
3268,67,0,0,0
3269,64,0,0,0
3270,61,0,0,0
3271,58,0,0,0
3272,55,0,0,0
3273,52,0,0,0
3274,49,0,0,0
3275,47,0,0,0
3276,46,0,0,0
3277,43,0,0,0
3278,42,0,0,0
3279,43,0,0,0
3280,46,0,0,0
3281,49,0,0,0
3282,53,0,0,0
3283,57,0,0,0
3284,61,0,0,0
3285,66,0,0,0
3286,71,0,0,0
3287,78,0,0,0
3288,83,0,0,0
3289,89,0,0,0
3290,94,0,0,0
3291,98,0,0,0
3292,102,0,0,0
3293,104,0,0,0
3294,105,0,0,0
3295,105,0,0,0
3296,105,0,0,0
3297,104,0,0,0
3298,103,0,0,0
3299,102,0,0,0
3300,101,0,0,0
3301,98,0,0,0
3302,95,0,0,0
3303,91,0,0,0
3304,86,0,0,0
3305,80,0,0,0
3306,75,0,0,0
3307,70,0,0,0
3308,66,0,0,0
3309,61,0,0,0
3310,56,0,0,0
3311,51,0,0,0
3312,47,0,0,0
3313,42,0,0,0
3314,39,0,0,0
3315,35,0,0,0
3316,33,0,0,0
3317,30,0,0,0
3318,28,0,0,0
3319,25,0,0,0
3320,24,0,0,0
3321,21,0,0,0
3322,19,0,0,0
3323,18,0,0,0
3324,16,0,0,0
3325,15,0,0,0
3326,14,0,0,0
3327,12,0,0,0
3328,12,0,0,0
3329,11,0,0,0
3330,9,0,0,0
3331,9,0,0,0
3332,8,0,0,0
3333,7,0,0,0
3334,7,0,0,0
3335,7,0,0,0
3336,8,0,0,0
3337,8,0,0,0
3338,9,0,0,0
3339,10,0,0,0
3340,13,0,0,0
3341,17,0,0,0
3342,24,0,0,0
3343,34,0,0,0
3344,48,0,0,0
3345,68,0,0,0
3346,97,0,0,0
3347,132,0,0,0
3348,172,0,0,0
3349,214,0,0,0
3350,260,0,0,0
3351,308,0,0,0
3352,354,0,0,0
3353,396,0,0,0
3354,435,1,0,0
3355,471,1,0,0
3356,505,1,0,0
3357,538,1,0,0
3358,569,1,0,0
3359,599,2,0,0
3360,627,2,0,0
3361,652,1,0,0
3362,675,2,0,0
3363,695,3,0,0
3364,711,3,0,0
3365,724,3,0,0
3366,730,3,0,0
3367,731,3,0,0
3368,724,3,0,0
3369,709,3,0,0
3370,688,2,0,0
3371,663,2,0,0
3372,636,2,0,0
3373,606,2,0,0
3374,576,1,0,0
3375,545,1,0,0
3376,512,1,0,0
3377,479,1,0,0
3378,447,1,0,0
3379,417,1,0,0
3380,391,0,0,0
3381,366,0,0,0
3382,343,0,0,0
3383,322,0,0,0
3384,303,0,0,0
3385,284,0,0,0
3386,267,0,0,0
3387,251,0,0,0
3388,235,0,0,0
3389,220,0,0,0
3390,207,0,0,0
3391,194,0,0,0
3392,183,0,0,0
3393,171,0,0,0
3394,161,0,0,0
3395,152,0,0,0
3396,145,0,0,0
3397,138,0,0,0
3398,133,0,0,0
3399,128,0,0,0
3400,124,0,0,0
3401,121,0,0,0
3402,119,0,0,0
3403,116,0,0,0
3404,113,0,0,0
3405,111,0,0,0
3406,110,0,0,0
3407,111,0,0,0
3408,114,0,0,0
3409,115,0,0,0
3410,115,0,0,0
3411,115,0,0,0
3412,115,0,0,0
3413,114,0,0,0
3414,115,0,0,0
3415,118,0,0,0
3416,122,0,0,0
3417,127,0,0,0
3418,133,0,0,0
3419,139,0,0,0
3420,146,0,0,0
3421,152,0,0,0
3422,159,0,0,0
3423,164,0,0,0
3424,169,0,0,0
3425,173,0,0,0
3426,177,0,0,0
3427,180,0,0,0
3428,185,0,0,0
3429,189,0,0,0
3430,192,0,0,0
3431,196,0,0,0
3432,200,0,0,0
3433,201,0,0,0
3434,203,0,0,0
3435,205,0,0,0
3436,208,0,0,0
3437,211,0,0,0
3438,215,0,0,0
3439,220,0,0,0
3440,224,0,0,0
3441,229,0,0,0
3442,233,0,0,0
3443,237,0,0,0
3444,240,0,0,0
3445,243,0,0,0
3446,246,0,0,0
3447,248,0,0,0
3448,251,0,0,0
3449,254,0,0,0
3450,257,0,0,0
3451,260,0,0,0
3452,263,0,0,0
3453,266,0,0,0
3454,270,0,0,0
3455,273,0,0,0
3456,276,0,0,0
3457,279,0,0,0
3458,282,0,0,0
3459,285,0,0,0
3460,288,0,0,0
3461,291,0,0,0
3462,295,0,0,0
3463,297,0,0,0
3464,299,0,0,0
3465,301,0,0,0
3466,302,0,0,0
3467,304,0,0,0
3468,307,0,0,0
3469,308,0,0,0
3470,307,0,0,0
3471,305,0,0,0
3472,302,0,0,0
3473,299,0,0,0
3474,297,0,0,0
3475,296,0,0,0
3476,296,0,0,0
3477,297,0,0,0
3478,297,0,0,0
3479,299,0,0,0
3480,299,0,0,0
3481,299,0,0,0
3482,298,0,0,0
3483,296,0,0,0
3484,294,0,0,0
3485,292,0,0,0
3486,289,0,0,0
3487,287,0,0,0
3488,284,0,0,0
3489,280,0,0,0
3490,277,0,0,0
3491,274,0,0,0
3492,271,0,0,0
3493,268,0,0,0
3494,264,0,0,0
3495,259,0,0,0
3496,255,0,0,0
3497,250,0,0,0
3498,245,0,0,0
3499,241,0,0,0
3500,236,0,0,0
3501,232,0,0,0
3502,227,0,0,0
3503,221,0,0,0
3504,216,0,0,0
3505,209,0,0,0
3506,202,0,0,0
3507,195,0,0,0
3508,188,0,0,0
3509,180,0,0,0
3510,172,0,0,0
3511,164,0,0,0
3512,156,0,0,0
3513,148,0,0,0
3514,140,0,0,0
3515,132,0,0,0
3516,125,0,0,0
3517,117,0,0,0
3518,110,0,0,0
3519,104,0,0,0
3520,98,0,0,0
3521,94,0,0,0
3522,89,0,0,0
3523,85,0,0,0
3524,80,0,0,0
3525,76,0,0,0
3526,72,0,0,0
3527,69,0,0,0
3528,65,0,0,0
3529,61,0,0,0
3530,56,0,0,0
3531,53,0,0,0
3532,49,0,0,0
3533,46,0,0,0
3534,44,0,0,0
3535,44,0,0,0
3536,44,0,0,0
3537,43,0,0,0
3538,42,0,0,0
3539,40,0,0,0
3540,38,0,0,0
3541,35,0,0,0
3542,32,0,0,0
3543,30,0,0,0
3544,28,0,0,0
3545,26,0,0,0
3546,25,0,0,0
3547,23,0,0,0
3548,21,0,0,0
3549,20,0,0,0
3550,19,0,0,0
3551,17,0,0,0
3552,16,0,0,0
3553,15,0,0,0
3554,14,0,0,0
3555,13,0,0,0
3556,12,0,0,0
3557,11,0,0,0
3558,11,0,0,0
3559,10,0,0,0
3560,11,0,0,0
3561,9,0,0,0
3562,9,0,0,0
3563,8,0,0,0
3564,7,0,0,0
3565,7,0,0,0
3566,7,0,0,0
3567,6,0,0,0
3568,6,0,0,0
3569,5,0,0,0
3570,5,0,0,0
3571,4,0,0,0
3572,5,0,0,0
3573,4,0,0,0
3574,3,0,0,0
3575,3,0,0,0
3576,3,0,0,0
3577,3,0,0,0
3578,3,0,0,0
3579,3,0,0,0
3580,3,0,0,0
3581,2,0,0,0
3582,2,0,0,0
3583,2,0,0,0
3584,2,0,0,0
3585,2,0,0,0
3586,2,0,0,0
3587,1,0,0,0
3588,2,0,0,0
3589,3,0,0,0
3590,4,0,0,0
3591,4,0,0,0
3592,4,0,0,0
3593,3,0,0,0
3594,3,0,0,0
3595,3,0,0,0
3596,5,0,0,0
3597,7,0,0,0
3598,11,0,0,0
3599,14,0,0,0
3600,17,0,0,0
3601,19,0,0,0
3602,20,0,0,0
3603,19,0,0,0
3604,19,0,0,0
3605,16,0,0,0
3606,15,0,0,0
3607,14,0,0,0
3608,12,0,0,0
3609,11,0,0,0
3610,10,0,0,0
3611,9,0,0,0
3612,8,0,0,0
3613,7,0,0,0
3614,7,0,0,0
3615,6,0,0,0
3616,6,0,0,0
3617,5,0,0,0
3618,4,0,0,0
3619,3,0,0,0
3620,4,0,0,0
3621,3,0,0,0
3622,3,0,0,0
3623,2,0,0,0
3624,3,0,0,0
3625,2,0,0,0
3626,2,0,0,0
3627,1,0,0,0
3628,1,0,0,0
3629,1,0,0,0
3630,1,0,0,0
3631,1,0,0,0
3632,1,0,0,0
3633,1,0,0,0
3634,1,0,0,0
3635,0,0,0,0
3636,1,0,0,0
3637,0,0,0,0
3638,0,0,0,0
3639,0,0,0,0
3640,0,0,0,0
3641,0,0,0,0
3642,0,0,0,0
3643,0,0,0,0
3644,0,0,0,0
3645,0,0,0,0
3646,0,0,0,0
3647,0,0,0,0
3648,0,0,0,0
3649,0,0,0,0
3650,0,0,0,0
3651,0,0,0,0
3652,0,0,0,0
3653,0,0,0,0
3654,0,0,0,0
3655,0,0,0,0
3656,0,0,0,0
3657,0,0,0,0
3658,0,0,0,0
3659,0,0,0,0
3660,0,0,0,0
3661,0,0,0,0
3662,0,0,0,0
3663,0,0,0,0
3664,0,0,0,0
3665,0,0,0,0
3666,0,0,0,0
3667,0,0,0,0
3668,0,0,0,0
3669,2,0,0,0
3670,6,0,0,0
3671,8,0,0,0
3672,11,0,0,0
3673,11,0,0,0
3674,11,0,0,0
3675,9,0,0,0
3676,9,0,0,0
3677,7,0,0,0
3678,7,0,0,0
3679,6,0,0,0
3680,5,0,0,0
3681,5,0,0,0
3682,4,0,0,0
3683,3,0,0,0
3684,3,0,0,0
3685,3,0,0,0
3686,2,0,0,0
3687,2,0,0,0
3688,3,0,0,0
3689,3,0,0,0
3690,4,0,0,0
3691,4,0,0,0
3692,5,0,0,0
3693,5,0,0,0
3694,4,0,0,0
3695,4,0,0,0
3696,3,0,0,0
3697,3,0,0,0
3698,2,0,0,0
3699,2,0,0,0
3700,3,0,0,0
3701,3,0,0,0
3702,5,0,0,0
3703,6,0,0,0
3704,7,0,0,0
3705,9,0,0,0
3706,9,0,0,0
3707,11,0,0,0
3708,12,0,0,0
3709,12,0,0,0
3710,12,0,0,0
3711,12,0,0,0
3712,12,0,0,0
3713,11,0,0,0
3714,11,0,0,0
3715,11,0,0,0
3716,11,0,0,0
3717,10,0,0,0
3718,11,0,0,0
3719,11,0,0,0
3720,11,0,0,0
3721,11,0,0,0
3722,12,0,0,0
3723,13,0,0,0
3724,15,0,0,0
3725,16,0,0,0
3726,17,0,0,0
3727,18,0,0,0
3728,19,0,0,0
3729,19,0,0,0
3730,19,0,0,0
3731,20,0,0,0
3732,20,0,0,0
3733,19,0,0,0
3734,17,0,0,0
3735,15,0,0,0
3736,14,0,0,0
3737,12,0,0,0
3738,11,0,0,0
3739,10,0,0,0
3740,8,0,0,0
3741,8,0,0,0
3742,7,0,0,0
3743,7,0,0,0
3744,6,0,0,0
3745,5,0,0,0
3746,4,0,0,0
3747,4,0,0,0
3748,4,0,0,0
3749,3,0,0,0
3750,3,0,0,0
3751,3,0,0,0
3752,5,0,0,0
3753,9,0,0,0
3754,15,0,0,0
3755,19,0,0,0
3756,24,0,0,0
3757,25,0,0,0
3758,25,0,0,0
3759,25,0,0,0
3760,23,0,0,0
3761,21,0,0,0
3762,19,0,0,0
3763,19,0,0,0
3764,18,0,0,0
3765,16,0,0,0
3766,15,0,0,0
3767,14,0,0,0
3768,13,0,0,0
3769,11,0,0,0
3770,10,0,0,0
3771,8,0,0,0
3772,8,0,0,0
3773,7,0,0,0
3774,7,0,0,0
3775,6,0,0,0
3776,6,0,0,0
3777,6,0,0,0
3778,5,0,0,0
3779,5,0,0,0
3780,4,0,0,0
3781,4,0,0,0
3782,3,0,0,0
3783,3,0,0,0
3784,3,0,0,0
3785,2,0,0,0
3786,2,0,0,0
3787,2,0,0,0
3788,3,0,0,0
3789,4,0,0,0
3790,5,0,0,0
3791,6,0,0,0
3792,7,0,0,0
3793,7,0,0,0
3794,7,0,0,0
3795,7,0,0,0
3796,7,0,0,0
3797,7,0,0,0
3798,6,0,0,0
3799,6,0,0,0
3800,5,0,0,0
3801,5,0,0,0
3802,6,0,0,0
3803,7,0,0,0
3804,8,0,0,0
3805,11,0,0,0
3806,13,0,0,0
3807,15,0,0,0
3808,18,0,0,0
3809,21,0,0,0
3810,25,0,0,0
3811,28,0,0,0
3812,34,0,0,0
3813,39,0,0,0
3814,45,0,0,0
3815,52,0,0,0
3816,59,0,0,0
3817,66,0,0,0
3818,75,0,0,0
3819,82,0,0,0
3820,87,0,0,0
3821,86,0,0,0
3822,82,0,0,0
3823,75,0,0,0
3824,68,0,0,0
3825,62,0,0,0
3826,56,0,0,0
3827,51,0,0,0
3828,48,0,0,0
3829,44,0,0,0
3830,42,0,0,0
3831,42,0,0,0
3832,45,0,0,0
3833,49,0,0,0
3834,54,0,0,0
3835,60,0,0,0
3836,69,0,0,0
3837,79,0,0,0
3838,93,0,0,0
3839,108,0,0,0
3840,123,0,0,0
3841,138,0,0,0
3842,154,0,0,0
3843,172,0,0,0
3844,192,0,0,0
3845,213,0,0,0
3846,236,0,0,0
3847,259,0,0,0
3848,283,0,0,0
3849,307,0,0,0
3850,332,0,0,0
3851,357,0,0,0
3852,381,0,0,0
3853,405,0,0,0
3854,429,1,0,0
3855,452,1,0,0
3856,476,1,0,0
3857,499,1,0,0
3858,523,1,0,0
3859,546,1,0,0
3860,569,1,0,0
3861,591,2,0,0
3862,611,2,0,0
3863,631,2,0,0
3864,649,2,0,0
3865,667,2,0,0
3866,682,2,0,0
3867,697,3,0,0
3868,711,3,0,0
3869,724,3,0,0
3870,736,3,0,0
3871,747,3,0,0
3872,758,3,0,0
3873,768,3,0,0
3874,777,3,0,0
3875,785,3,0,0
3876,793,3,0,0
3877,800,3,0,0
3878,805,3,0,0
3879,810,3,0,0
3880,815,3,0,0
3881,818,3,0,0
3882,821,3,0,0
3883,823,4,0,0
3884,825,3,0,0
3885,827,3,0,0
3886,828,4,0,0
3887,828,4,0,0
3888,828,4,0,0
3889,828,3,0,0
3890,827,3,0,0
3891,824,4,0,0
3892,822,3,0,0
3893,821,3,0,0
3894,819,3,0,0
3895,819,4,0,0
3896,820,3,0,0
3897,821,3,0,0
3898,822,3,0,0
3899,823,4,0,0
3900,824,3,0,0
3901,825,3,0,0
3902,827,3,0,0
3903,828,4,0,0
3904,830,4,0,0
3905,831,4,0,0
3906,832,4,0,0
3907,833,4,0,0
3908,834,4,0,0
3909,835,4,0,0
3910,836,4,0,0
3911,836,4,0,0
3912,838,4,0,0
3913,838,4,0,0
3914,838,4,0,0
3915,837,4,0,0
3916,838,4,0,0
3917,840,4,0,0
3918,844,4,0,0
3919,846,4,0,0
3920,847,4,0,0
3921,847,3,0,0
3922,847,4,0,0
3923,847,4,0,0
3924,847,4,0,0
3925,847,4,0,0
3926,849,4,0,0
3927,852,4,0,0
3928,856,4,0,0
3929,859,3,0,0
3930,863,4,0,0
3931,866,4,0,0
3932,869,4,0,0
3933,871,4,0,0
3934,872,4,0,0
3935,874,4,0,0
3936,876,4,0,0
3937,877,4,0,0
3938,878,4,0,0
3939,878,4,0,0
3940,878,4,0,0
3941,877,4,0,0
3942,876,4,0,0
3943,876,4,0,0
3944,873,4,0,0
3945,870,4,0,0
3946,867,4,0,0
3947,864,4,0,0
3948,860,4,0,0
3949,857,4,0,0
3950,854,4,0,0
3951,850,4,0,0
3952,847,4,0,0
3953,843,4,0,0
3954,839,4,0,0
3955,835,4,0,0
3956,831,4,0,0
3957,827,3,0,0
3958,822,3,0,0
3959,816,3,0,0
3960,812,3,0,0
3961,807,3,0,0
3962,801,3,0,0
3963,797,3,0,0
3964,792,3,0,0
3965,787,2,0,0
3966,783,3,0,0
3967,779,3,0,0
3968,775,3,0,0
3969,772,3,0,0
3970,769,3,0,0
3971,766,3,0,0
3972,764,3,0,0
3973,761,2,0,0
3974,760,3,0,0
3975,760,3,0,0
3976,759,3,0,0
3977,758,3,0,0
3978,758,3,0,0
3979,758,3,0,0
3980,758,3,0,0
3981,758,3,0,0
3982,757,3,0,0
3983,755,3,0,0
3984,754,3,0,0
3985,753,3,0,0
3986,753,3,0,0
3987,755,3,0,0
3988,755,3,0,0
3989,755,3,0,0
3990,754,3,0,0
3991,752,3,0,0
3992,750,3,0,0
3993,749,3,0,0
3994,749,3,0,0
3995,751,3,0,0
3996,753,3,0,0
3997,757,3,0,0
3998,761,3,0,0
3999,764,3,0,0
4000,768,3,0,0
4001,770,3,0,0
4002,771,3,0,0
4003,773,3,0,0
4004,774,3,0,0
4005,774,3,0,0
4006,774,3,0,0
4007,773,3,0,0
4008,773,3,0,0
4009,771,2,0,0
4010,771,3,0,0
4011,769,3,0,0
4012,768,3,0,0
4013,766,3,0,0
4014,762,3,0,0
4015,758,3,0,0
4016,753,3,0,0
4017,749,2,0,0
4018,744,3,0,0
4019,739,3,0,0
4020,733,3,0,0
4021,728,3,0,0
4022,724,3,0,0
4023,719,3,0,0
4024,713,3,0,0
4025,707,3,0,0
4026,700,3,0,0
4027,693,3,0,0
4028,686,2,0,0
4029,678,1,0,0
4030,670,2,0,0
4031,663,2,0,0
4032,656,2,0,0
4033,649,2,0,0
4034,642,2,0,0
4035,635,2,0,0
4036,629,1,0,0
4037,622,2,0,0
4038,615,2,0,0
4039,608,2,0,0
4040,602,2,0,0
4041,595,2,0,0
4042,589,1,0,0
4043,583,2,0,0
4044,576,1,0,0
4045,569,1,0,0
4046,562,1,0,0
4047,554,1,0,0
4048,546,1,0,0
4049,536,1,0,0
4050,527,1,0,0
4051,521,1,0,0
4052,515,1,0,0
4053,509,1,0,0
4054,501,1,0,0
4055,493,1,0,0
4056,486,1,0,0
4057,476,1,0,0
4058,467,1,0,0
4059,460,1,0,0
4060,454,1,0,0
4061,449,0,0,0
4062,445,1,0,0
4063,443,1,0,0
4064,441,1,0,0
4065,440,1,0,0
4066,438,1,0,0
4067,437,1,0,0
4068,434,1,0,0
4069,432,1,0,0
4070,430,0,0,0
4071,428,1,0,0
4072,426,0,0,0
4073,423,0,0,0
4074,421,0,0,0
4075,419,1,0,0
4076,417,0,0,0
4077,414,0,0,0
4078,411,0,0,0
4079,406,1,0,0
4080,402,0,0,0
4081,398,0,0,0
4082,393,0,0,0
4083,388,0,0,0
4084,382,0,0,0
4085,375,0,0,0
4086,367,0,0,0
4087,357,0,0,0
4088,343,0,0,0
4089,328,0,0,0
4090,311,0,0,0
4091,293,0,0,0
4092,274,0,0,0
4093,257,0,0,0
4094,241,0,0,0
4095,226,0,0,0
4096,212,0,0,0
4097,199,0,0,0
4098,187,0,0,0
4099,175,0,0,0
4100,164,0,0,0
4101,154,0,0,0
4102,144,0,0,0
4103,135,0,0,0
4104,127,0,0,0
4105,119,0,0,0
4106,112,0,0,0
4107,105,0,0,0
4108,99,0,0,0
4109,92,0,0,0
4110,86,0,0,0
4111,81,0,0,0
4112,76,0,0,0
4113,71,0,0,0
4114,66,0,0,0
4115,62,0,0,0
4116,59,0,0,0
4117,55,0,0,0
4118,53,0,0,0
4119,51,0,0,0
4120,48,0,0,0
4121,44,0,0,0
4122,42,0,0,0
4123,39,0,0,0
4124,37,0,0,0
4125,35,0,0,0
4126,32,0,0,0
4127,31,0,0,0
4128,30,0,0,0
4129,28,0,0,0
4130,27,0,0,0
4131,26,0,0,0
4132,25,0,0,0
4133,24,0,0,0
4134,23,0,0,0
4135,22,0,0,0
4136,22,0,0,0
4137,20,0,0,0
4138,19,0,0,0
4139,18,0,0,0
4140,17,0,0,0
4141,15,0,0,0
4142,15,0,0,0
4143,14,0,0,0
4144,13,0,0,0
4145,12,0,0,0
4146,11,0,0,0
4147,10,0,0,0
4148,10,0,0,0
4149,9,0,0,0
4150,9,0,0,0
4151,9,0,0,0
4152,9,0,0,0
4153,9,0,0,0
4154,9,0,0,0
4155,8,0,0,0
4156,8,0,0,0
4157,7,0,0,0
4158,7,0,0,0
4159,6,0,0,0
4160,6,0,0,0
4161,5,0,0,0
4162,5,0,0,0
4163,5,0,0,0
4164,5,0,0,0
4165,4,0,0,0
4166,4,0,0,0
4167,3,0,0,0
4168,3,0,0,0
4169,3,0,0,0
4170,3,0,0,0
4171,3,0,0,0
4172,3,0,0,0
4173,2,0,0,0
4174,2,0,0,0
4175,2,0,0,0
4176,1,0,0,0
4177,1,0,0,0
4178,1,0,0,0
4179,1,0,0,0
4180,1,0,0,0
4181,1,0,0,0
4182,1,0,0,0
4183,1,0,0,0
4184,1,0,0,0
4185,1,0,0,0
4186,1,0,0,0
4187,1,0,0,0
4188,1,0,0,0
4189,3,0,0,0
4190,6,0,0,0
4191,8,0,0,0
4192,11,0,0,0
4193,11,0,0,0
4194,11,0,0,0
4195,12,0,0,0
4196,13,0,0,0
4197,15,0,0,0
4198,17,0,0,0
4199,20,0,0,0
4200,23,0,0,0
4201,25,0,0,0
4202,28,0,0,0
4203,30,0,0,0
4204,31,0,0,0
4205,32,0,0,0
4206,33,0,0,0
4207,35,0,0,0
4208,36,0,0,0
4209,37,0,0,0
4210,38,0,0,0
4211,39,0,0,0
4212,40,0,0,0
4213,41,0,0,0
4214,42,0,0,0
4215,42,0,0,0
4216,44,0,0,0
4217,44,0,0,0
4218,45,0,0,0
4219,45,0,0,0
4220,45,0,0,0
4221,46,0,0,0
4222,47,0,0,0
4223,48,0,0,0
4224,49,0,0,0
4225,49,0,0,0
4226,51,0,0,0
4227,52,0,0,0
4228,53,0,0,0
4229,55,0,0,0
4230,56,0,0,0
4231,57,0,0,0
4232,59,0,0,0
4233,60,0,0,0
4234,62,0,0,0
4235,64,0,0,0
4236,67,0,0,0
4237,70,0,0,0
4238,73,0,0,0
4239,76,0,0,0
4240,80,0,0,0
4241,84,0,0,0
4242,89,0,0,0
4243,95,0,0,0
4244,103,0,0,0
4245,110,0,0,0
4246,120,0,0,0
4247,129,0,0,0
4248,140,0,0,0
4249,150,0,0,0
4250,161,0,0,0
4251,173,0,0,0
4252,185,0,0,0
4253,197,0,0,0
4254,209,0,0,0
4255,222,0,0,0
4256,235,0,0,0
4257,247,0,0,0
4258,260,0,0,0
4259,272,0,0,0
4260,284,0,0,0
4261,294,0,0,0
4262,304,0,0,0
4263,314,0,0,0
4264,326,0,0,0
4265,337,0,0,0
4266,348,0,0,0
4267,359,0,0,0
4268,369,0,0,0
4269,378,0,0,0
4270,390,0,0,0
4271,401,0,0,0
4272,415,0,0,0
4273,429,1,0,0
4274,444,1,0,0
4275,461,1,0,0
4276,478,1,0,0
4277,495,1,0,0
4278,513,1,0,0
4279,530,1,0,0
4280,549,1,0,0
4281,567,1,0,0
4282,585,1,0,0
4283,602,2,0,0
4284,620,2,0,0
4285,636,2,0,0
4286,651,2,0,0
4287,665,2,0,0
4288,679,2,0,0
4289,692,2,0,0
4290,705,3,0,0
4291,717,3,0,0
4292,728,3,0,0
4293,737,2,0,0
4294,747,3,0,0
4295,756,3,0,0
4296,766,3,0,0
4297,774,3,0,0
4298,781,3,0,0
4299,788,3,0,0
4300,795,3,0,0
4301,801,3,0,0
4302,807,3,0,0
4303,812,3,0,0
4304,817,3,0,0
4305,822,3,0,0
4306,825,3,0,0
4307,829,4,0,0
4308,832,3,0,0
4309,835,4,0,0
4310,837,4,0,0
4311,839,4,0,0
4312,841,4,0,0
4313,842,3,0,0
4314,844,4,0,0
4315,844,4,0,0
4316,846,3,0,0
4317,846,4,0,0
4318,846,4,0,0
4319,846,4,0,0
4320,847,3,0,0
4321,848,4,0,0
4322,848,4,0,0
4323,848,4,0,0
4324,849,4,0,0
4325,849,4,0,0
4326,849,4,0,0
4327,849,4,0,0
4328,849,4,0,0
4329,851,4,0,0
4330,850,4,0,0
4331,851,4,0,0
4332,852,4,0,0
4333,851,4,0,0
4334,851,4,0,0
4335,851,4,0,0
4336,854,4,0,0
4337,856,4,0,0
4338,859,4,0,0
4339,859,4,0,0
4340,859,4,0,0
4341,858,4,0,0
4342,857,4,0,0
4343,857,4,0,0
4344,858,4,0,0
4345,859,3,0,0
4346,862,4,0,0
4347,865,4,0,0
4348,869,4,0,0
4349,873,4,0,0
4350,877,4,0,0
4351,880,4,0,0
4352,882,4,0,0
4353,885,4,0,0
4354,887,4,0,0
4355,889,4,0,0
4356,891,4,0,0
4357,893,3,0,0
4358,894,4,0,0
4359,895,4,0,0
4360,896,4,0,0
4361,897,4,0,0
4362,898,4,0,0
4363,898,5,0,0
4364,897,4,0,0
4365,896,4,0,0
4366,894,4,0,0
4367,891,4,0,0
4368,889,4,0,0
4369,886,4,0,0
4370,882,4,0,0
4371,880,4,0,0
4372,877,4,0,0
4373,874,4,0,0
4374,870,4,0,0
4375,866,4,0,0
4376,862,4,0,0
4377,857,4,0,0
4378,852,4,0,0
4379,847,4,0,0
4380,841,4,0,0
4381,836,4,0,0
4382,831,4,0,0
4383,825,3,0,0
4384,820,3,0,0
4385,816,3,0,0
4386,811,3,0,0
4387,807,3,0,0
4388,803,3,0,0
4389,800,3,0,0
4390,796,3,0,0
4391,794,3,0,0
4392,792,3,0,0
4393,790,3,0,0
4394,789,3,0,0
4395,788,3,0,0
4396,788,3,0,0
4397,789,3,0,0
4398,789,3,0,0
4399,789,3,0,0
4400,788,3,0,0
4401,787,2,0,0
4402,788,3,0,0
4403,790,3,0,0
4404,792,3,0,0
4405,792,3,0,0
4406,791,3,0,0
4407,790,3,0,0
4408,787,3,0,0
4409,785,2,0,0
4410,783,3,0,0
4411,784,3,0,0
4412,787,3,0,0
4413,790,3,0,0
4414,793,3,0,0
4415,797,3,0,0
4416,800,3,0,0
4417,803,3,0,0
4418,805,3,0,0
4419,806,3,0,0
4420,808,3,0,0
4421,808,3,0,0
4422,809,3,0,0
4423,809,3,0,0
4424,809,3,0,0
4425,809,3,0,0
4426,810,3,0,0
4427,810,3,0,0
4428,810,3,0,0
4429,808,3,0,0
4430,806,3,0,0
4431,803,3,0,0
4432,801,3,0,0
4433,799,3,0,0
4434,796,3,0,0
4435,793,3,0,0
4436,790,3,0,0
4437,787,3,0,0
4438,783,3,0,0
4439,779,3,0,0
4440,774,3,0,0
4441,768,3,0,0
4442,763,3,0,0
4443,758,3,0,0
4444,752,3,0,0
4445,745,2,0,0
4446,739,3,0,0
4447,733,3,0,0
4448,727,2,0,0
4449,721,3,0,0
4450,715,3,0,0
4451,710,3,0,0
4452,704,2,0,0
4453,698,1,0,0
4454,693,2,0,0
4455,688,2,0,0
4456,684,2,0,0
4457,679,2,0,0
4458,675,2,0,0
4459,671,2,0,0
4460,668,2,0,0
4461,664,2,0,0
4462,660,2,0,0
4463,655,2,0,0
4464,651,2,0,0
4465,647,2,0,0
4466,644,2,0,0
4467,642,2,0,0
4468,640,2,0,0
4469,636,2,0,0
4470,632,2,0,0
4471,626,2,0,0
4472,620,2,0,0
4473,615,2,0,0
4474,610,2,0,0
4475,607,2,0,0
4476,603,2,0,0
4477,600,2,0,0
4478,598,1,0,0
4479,596,2,0,0
4480,594,1,0,0
4481,590,1,0,0
4482,587,1,0,0
4483,582,1,0,0
4484,578,1,0,0
4485,573,1,0,0
4486,568,1,0,0
4487,563,1,0,0
4488,557,1,0,0
4489,551,0,0,0
4490,544,1,0,0
4491,537,1,0,0
4492,531,1,0,0
4493,523,1,0,0
4494,515,1,0,0
4495,507,1,0,0
4496,500,1,0,0
4497,492,0,0,0
4498,485,1,0,0
4499,477,1,0,0
4500,470,1,0,0
4501,461,1,0,0
4502,453,1,0,0
4503,446,1,0,0
4504,437,1,0,0
4505,428,0,0,0
4506,420,0,0,0
4507,412,0,0,0
4508,404,0,0,0
4509,396,0,0,0
4510,389,0,0,0
4511,382,0,0,0
4512,376,0,0,0
4513,368,0,0,0
4514,362,0,0,0
4515,355,0,0,0
4516,349,0,0,0
4517,343,0,0,0
4518,336,0,0,0
4519,331,0,0,0
4520,326,0,0,0
4521,321,0,0,0
4522,316,0,0,0
4523,312,0,0,0
4524,308,0,0,0
4525,304,0,0,0
4526,301,0,0,0
4527,297,0,0,0
4528,294,0,0,0
4529,291,0,0,0
4530,291,0,0,0
4531,292,0,0,0
4532,292,0,0,0
4533,291,0,0,0
4534,288,0,0,0
4535,286,0,0,0
4536,284,0,0,0
4537,283,0,0,0
4538,281,0,0,0
4539,281,0,0,0
4540,281,0,0,0
4541,281,0,0,0
4542,281,0,0,0
4543,283,0,0,0
4544,284,0,0,0
4545,286,0,0,0
4546,287,0,0,0
4547,287,0,0,0
4548,288,0,0,0
4549,289,0,0,0
4550,289,0,0,0
4551,289,0,0,0
4552,290,0,0,0
4553,289,0,0,0
4554,289,0,0,0
4555,288,0,0,0
4556,288,0,0,0
4557,287,0,0,0
4558,285,0,0,0
4559,283,0,0,0
4560,281,0,0,0
4561,279,0,0,0
4562,277,0,0,0
4563,275,0,0,0
4564,274,0,0,0
4565,272,0,0,0
4566,270,0,0,0
4567,268,0,0,0
4568,267,0,0,0
4569,265,0,0,0
4570,262,0,0,0
4571,260,0,0,0
4572,257,0,0,0
4573,254,0,0,0
4574,250,0,0,0
4575,247,0,0,0
4576,244,0,0,0
4577,241,0,0,0
4578,238,0,0,0
4579,234,0,0,0
4580,231,0,0,0
4581,228,0,0,0
4582,225,0,0,0
4583,221,0,0,0
4584,218,0,0,0
4585,215,0,0,0
4586,212,0,0,0
4587,209,0,0,0
4588,207,0,0,0
4589,204,0,0,0
4590,201,0,0,0
4591,199,0,0,0
4592,198,0,0,0
4593,196,0,0,0
4594,194,0,0,0
4595,192,0,0,0
4596,192,0,0,0
4597,192,0,0,0
4598,195,0,0,0
4599,197,0,0,0
4600,198,0,0,0
4601,198,0,0,0
4602,196,0,0,0
4603,196,0,0,0
4604,195,0,0,0
4605,194,0,0,0
4606,194,0,0,0
4607,193,0,0,0
4608,193,0,0,0
4609,193,0,0,0
4610,193,0,0,0
4611,193,0,0,0
4612,193,0,0,0
4613,192,0,0,0
4614,191,0,0,0
4615,191,0,0,0
4616,190,0,0,0
4617,188,0,0,0
4618,186,0,0,0
4619,184,0,0,0
4620,182,0,0,0
4621,180,0,0,0
4622,178,0,0,0
4623,175,0,0,0
4624,173,0,0,0
4625,171,0,0,0
4626,168,0,0,0
4627,165,0,0,0
4628,163,0,0,0
4629,159,0,0,0
4630,157,0,0,0
4631,154,0,0,0
4632,151,0,0,0
4633,148,0,0,0
4634,145,0,0,0
4635,143,0,0,0
4636,140,0,0,0
4637,137,0,0,0
4638,134,0,0,0
4639,131,0,0,0
4640,128,0,0,0
4641,125,0,0,0
4642,122,0,0,0
4643,120,0,0,0
4644,118,0,0,0
4645,115,0,0,0
4646,112,0,0,0
4647,109,0,0,0
4648,106,0,0,0
4649,102,0,0,0
4650,98,0,0,0
4651,94,0,0,0
4652,89,0,0,0
4653,84,0,0,0
4654,81,0,0,0
4655,77,0,0,0
4656,74,0,0,0
4657,71,0,0,0
4658,69,0,0,0
4659,67,0,0,0
4660,64,0,0,0
4661,62,0,0,0
4662,59,0,0,0
4663,56,0,0,0
4664,54,0,0,0
4665,52,0,0,0
4666,50,0,0,0
4667,48,0,0,0
4668,47,0,0,0
4669,44,0,0,0
4670,42,0,0,0
4671,41,0,0,0
4672,42,0,0,0
4673,43,0,0,0
4674,44,0,0,0
4675,43,0,0,0
4676,42,0,0,0
4677,41,0,0,0
4678,40,0,0,0
4679,40,0,0,0
4680,40,0,0,0
4681,41,0,0,0
4682,41,0,0,0
4683,42,0,0,0
4684,43,0,0,0
4685,43,0,0,0
4686,44,0,0,0
4687,45,0,0,0
4688,45,0,0,0
4689,45,0,0,0
4690,46,0,0,0
4691,47,0,0,0
4692,47,0,0,0
4693,47,0,0,0
4694,48,0,0,0
4695,48,0,0,0
4696,48,0,0,0
4697,48,0,0,0
4698,48,0,0,0
4699,48,0,0,0
4700,48,0,0,0
4701,48,0,0,0
4702,48,0,0,0
4703,48,0,0,0
4704,49,0,0,0
4705,49,0,0,0
4706,49,0,0,0
4707,49,0,0,0
4708,49,0,0,0
4709,49,0,0,0
4710,48,0,0,0
4711,48,0,0,0
4712,48,0,0,0
4713,48,0,0,0
4714,49,0,0,0
4715,49,0,0,0
4716,51,0,0,0
4717,53,0,0,0
4718,55,0,0,0
4719,58,0,0,0
4720,61,0,0,0
4721,63,0,0,0
4722,66,0,0,0
4723,69,0,0,0
4724,73,0,0,0
4725,76,0,0,0
4726,79,0,0,0
4727,83,0,0,0
4728,87,0,0,0
4729,90,0,0,0
4730,94,0,0,0
4731,98,0,0,0
4732,103,0,0,0
4733,106,0,0,0
4734,110,0,0,0
4735,113,0,0,0
4736,118,0,0,0
4737,121,0,0,0
4738,125,0,0,0
4739,128,0,0,0
4740,132,0,0,0
4741,135,0,0,0
4742,140,0,0,0
4743,144,0,0,0
4744,147,0,0,0
4745,151,0,0,0
4746,153,0,0,0
4747,156,0,0,0
4748,160,0,0,0
4749,166,0,0,0
4750,171,0,0,0
4751,176,0,0,0
4752,181,0,0,0
4753,184,0,0,0
4754,188,0,0,0
4755,192,0,0,0
4756,197,0,0,0
4757,200,0,0,0
4758,205,0,0,0
4759,209,0,0,0
4760,215,0,0,0
4761,220,0,0,0
4762,226,0,0,0
4763,231,0,0,0
4764,237,0,0,0
4765,242,0,0,0
4766,246,0,0,0
4767,251,0,0,0
4768,255,0,0,0
4769,259,0,0,0
4770,263,0,0,0
4771,267,0,0,0
4772,270,0,0,0
4773,273,0,0,0
4774,277,0,0,0
4775,280,0,0,0
4776,283,0,0,0
4777,284,0,0,0
4778,286,0,0,0
4779,288,0,0,0
4780,290,0,0,0
4781,291,0,0,0
4782,291,0,0,0
4783,292,0,0,0
4784,293,0,0,0
4785,292,0,0,0
4786,294,0,0,0
4787,294,0,0,0
4788,295,0,0,0
4789,295,0,0,0
4790,295,0,0,0
4791,295,0,0,0
4792,295,0,0,0
4793,294,0,0,0
4794,293,0,0,0
4795,291,0,0,0
4796,290,0,0,0
4797,289,0,0,0
4798,287,0,0,0
4799,286,0,0,0
4800,284,0,0,0
4801,283,0,0,0
4802,281,0,0,0
4803,280,0,0,0
4804,280,0,0,0
4805,279,0,0,0
4806,279,0,0,0
4807,280,0,0,0
4808,280,0,0,0
4809,280,0,0,0
4810,281,0,0,0
4811,282,0,0,0
4812,284,0,0,0
4813,286,0,0,0
4814,287,0,0,0
4815,289,0,0,0
4816,292,0,0,0
4817,294,0,0,0
4818,295,0,0,0
4819,296,0,0,0
4820,297,0,0,0
4821,299,0,0,0
4822,302,0,0,0
4823,307,0,0,0
4824,310,0,0,0
4825,313,0,0,0
4826,314,0,0,0
4827,315,0,0,0
4828,316,0,0,0
4829,317,0,0,0
4830,319,0,0,0
4831,323,0,0,0
4832,327,0,0,0
4833,332,0,0,0
4834,336,0,0,0
4835,342,0,0,0
4836,347,0,0,0
4837,352,0,0,0
4838,355,0,0,0
4839,359,0,0,0
4840,362,0,0,0
4841,365,0,0,0
4842,368,0,0,0
4843,371,0,0,0
4844,374,0,0,0
4845,377,0,0,0
4846,379,0,0,0
4847,382,0,0,0
4848,384,0,0,0
4849,385,0,0,0
4850,385,0,0,0
4851,385,0,0,0
4852,385,0,0,0
4853,384,0,0,0
4854,384,0,0,0
4855,383,0,0,0
4856,383,0,0,0
4857,382,0,0,0
4858,382,0,0,0
4859,381,0,0,0
4860,380,0,0,0
4861,378,0,0,0
4862,376,0,0,0
4863,373,0,0,0
4864,371,0,0,0
4865,367,0,0,0
4866,364,0,0,0
4867,361,0,0,0
4868,359,0,0,0
4869,356,0,0,0
4870,354,0,0,0
4871,352,0,0,0
4872,350,0,0,0
4873,348,0,0,0
4874,346,0,0,0
4875,345,0,0,0
4876,344,0,0,0
4877,345,0,0,0
4878,346,0,0,0
4879,348,0,0,0
4880,349,0,0,0
4881,351,0,0,0
4882,352,0,0,0
4883,354,0,0,0
4884,356,0,0,0
4885,358,0,0,0
4886,359,0,0,0
4887,360,0,0,0
4888,363,0,0,0
4889,365,0,0,0
4890,370,0,0,0
4891,373,0,0,0
4892,375,0,0,0
4893,376,0,0,0
4894,376,0,0,0
4895,376,0,0,0
4896,377,0,0,0
4897,380,0,0,0
4898,384,0,0,0
4899,389,0,0,0
4900,394,0,0,0
4901,399,0,0,0
4902,403,0,0,0
4903,407,0,0,0
4904,411,0,0,0
4905,414,0,0,0
4906,417,0,0,0
4907,419,0,0,0
4908,422,0,0,0
4909,423,0,0,0
4910,424,0,0,0
4911,425,1,0,0
4912,427,0,0,0
4913,428,0,0,0
4914,429,0,0,0
4915,429,1,0,0
4916,429,0,0,0
4917,428,0,0,0
4918,426,0,0,0
4919,425,0,0,0
4920,424,0,0,0
4921,422,0,0,0
4922,420,0,0,0
4923,419,0,0,0
4924,417,0,0,0
4925,414,0,0,0
4926,411,0,0,0
4927,408,1,0,0
4928,404,0,0,0
4929,400,0,0,0
4930,396,0,0,0
4931,392,0,0,0
4932,389,0,0,0
4933,385,0,0,0
4934,380,0,0,0
4935,376,0,0,0
4936,372,0,0,0
4937,368,0,0,0
4938,363,0,0,0
4939,360,0,0,0
4940,357,0,0,0
4941,355,0,0,0
4942,352,0,0,0
4943,351,0,0,0
4944,348,0,0,0
4945,347,0,0,0
4946,345,0,0,0
4947,343,0,0,0
4948,342,0,0,0
4949,339,0,0,0
4950,335,0,0,0
4951,332,0,0,0
4952,329,0,0,0
4953,327,0,0,0
4954,326,0,0,0
4955,321,0,0,0
4956,315,0,0,0
4957,307,0,0,0
4958,299,0,0,0
4959,290,0,0,0
4960,283,0,0,0
4961,275,0,0,0
4962,268,0,0,0
4963,263,0,0,0
4964,259,0,0,0
4965,254,0,0,0
4966,249,0,0,0
4967,244,0,0,0
4968,240,0,0,0
4969,235,0,0,0
4970,230,0,0,0
4971,226,0,0,0
4972,222,0,0,0
4973,217,0,0,0
4974,214,0,0,0
4975,209,0,0,0
4976,207,0,0,0
4977,203,0,0,0
4978,200,0,0,0
4979,197,0,0,0
4980,194,0,0,0
4981,189,0,0,0
4982,185,0,0,0
4983,182,0,0,0
4984,177,0,0,0
4985,173,0,0,0
4986,168,0,0,0
4987,165,0,0,0
4988,161,0,0,0
4989,157,0,0,0
4990,153,0,0,0
4991,149,0,0,0
4992,145,0,0,0
4993,141,0,0,0
4994,137,0,0,0
4995,133,0,0,0
4996,130,0,0,0
4997,126,0,0,0
4998,122,0,0,0
4999,119,0,0,0
5000,115,0,0,0
5001,112,0,0,0
5002,108,0,0,0
5003,105,0,0,0
5004,103,0,0,0
5005,100,0,0,0
5006,97,0,0,0
5007,95,0,0,0
5008,93,0,0,0
5009,91,0,0,0
5010,89,0,0,0
5011,88,0,0,0
5012,87,0,0,0
5013,85,0,0,0
5014,83,0,0,0
5015,81,0,0,0
5016,79,0,0,0
5017,79,0,0,0
5018,80,0,0,0
5019,82,0,0,0
5020,82,0,0,0
5021,81,0,0,0
5022,79,0,0,0
5023,77,0,0,0
5024,76,0,0,0
5025,74,0,0,0
5026,73,0,0,0
5027,72,0,0,0
5028,72,0,0,0
5029,73,0,0,0
5030,74,0,0,0
5031,75,0,0,0
5032,76,0,0,0
5033,77,0,0,0
5034,77,0,0,0
5035,77,0,0,0
5036,78,0,0,0
5037,77,0,0,0
5038,77,0,0,0
5039,76,0,0,0
5040,76,0,0,0
5041,75,0,0,0
5042,73,0,0,0
5043,72,0,0,0
5044,71,0,0,0
5045,69,0,0,0
5046,67,0,0,0
5047,65,0,0,0
5048,63,0,0,0
5049,61,0,0,0
5050,58,0,0,0
5051,56,0,0,0
5052,53,0,0,0
5053,50,0,0,0
5054,47,0,0,0
5055,43,0,0,0
5056,40,0,0,0
5057,37,0,0,0
5058,35,0,0,0
5059,32,0,0,0
5060,30,0,0,0
5061,28,0,0,0
5062,26,0,0,0
5063,25,0,0,0
5064,23,0,0,0
5065,21,0,0,0
5066,20,0,0,0
5067,19,0,0,0
5068,18,0,0,0
5069,16,0,0,0
5070,15,0,0,0
5071,14,0,0,0
5072,13,0,0,0
5073,12,0,0,0
5074,12,0,0,0
5075,11,0,0,0
5076,11,0,0,0
5077,9,0,0,0
5078,9,0,0,0
5079,8,0,0,0
5080,8,0,0,0
5081,7,0,0,0
5082,7,0,0,0
5083,7,0,0,0
5084,6,0,0,0
5085,6,0,0,0
5086,6,0,0,0
5087,7,0,0,0
5088,11,0,0,0
5089,13,0,0,0
5090,15,0,0,0
5091,16,0,0,0
5092,16,0,0,0
5093,15,0,0,0
5094,15,0,0,0
5095,16,0,0,0
5096,16,0,0,0
5097,16,0,0,0
5098,16,0,0,0
5099,16,0,0,0
5100,16,0,0,0
5101,15,0,0,0
5102,15,0,0,0
5103,15,0,0,0
5104,14,0,0,0
5105,13,0,0,0
5106,12,0,0,0
5107,12,0,0,0
5108,12,0,0,0
5109,11,0,0,0
5110,11,0,0,0
5111,11,0,0,0
5112,11,0,0,0
5113,10,0,0,0
5114,10,0,0,0
5115,9,0,0,0
5116,9,0,0,0
5117,9,0,0,0
5118,9,0,0,0
5119,9,0,0,0
5120,10,0,0,0
5121,9,0,0,0
5122,9,0,0,0
5123,10,0,0,0
5124,11,0,0,0
5125,11,0,0,0
5126,12,0,0,0
5127,12,0,0,0
5128,13,0,0,0
5129,13,0,0,0
5130,13,0,0,0
5131,12,0,0,0
5132,12,0,0,0
5133,11,0,0,0
5134,11,0,0,0
5135,10,0,0,0
5136,10,0,0,0
5137,11,0,0,0
5138,11,0,0,0
5139,11,0,0,0
5140,12,0,0,0
5141,12,0,0,0
5142,13,0,0,0
5143,14,0,0,0
5144,15,0,0,0
5145,16,0,0,0
5146,17,0,0,0
5147,17,0,0,0
5148,18,0,0,0
5149,20,0,0,0
5150,21,0,0,0
5151,23,0,0,0
5152,25,0,0,0
5153,26,0,0,0
5154,27,0,0,0
5155,28,0,0,0
5156,29,0,0,0
5157,29,0,0,0
5158,30,0,0,0
5159,31,0,0,0
5160,32,0,0,0
5161,31,0,0,0
5162,30,0,0,0
5163,30,0,0,0
5164,31,0,0,0
5165,32,0,0,0
5166,33,0,0,0
5167,33,0,0,0
5168,32,0,0,0
5169,30,0,0,0
5170,29,0,0,0
5171,29,0,0,0
5172,29,0,0,0
5173,28,0,0,0
5174,28,0,0,0
5175,29,0,0,0
5176,31,0,0,0
5177,33,0,0,0
5178,35,0,0,0
5179,38,0,0,0
5180,40,0,0,0
5181,42,0,0,0
5182,43,0,0,0
5183,45,0,0,0
5184,47,0,0,0
5185,48,0,0,0
5186,49,0,0,0
5187,50,0,0,0
5188,52,0,0,0
5189,52,0,0,0
5190,53,0,0,0
5191,54,0,0,0
5192,56,0,0,0
5193,56,0,0,0
5194,57,0,0,0
5195,59,0,0,0
5196,61,0,0,0
5197,63,0,0,0
5198,66,0,0,0
5199,68,0,0,0
5200,71,0,0,0
5201,75,0,0,0
5202,79,0,0,0
5203,83,0,0,0
5204,89,0,0,0
5205,94,0,0,0
5206,100,0,0,0
5207,107,0,0,0
5208,113,0,0,0
5209,120,0,0,0
5210,126,0,0,0
5211,132,0,0,0
5212,139,0,0,0
5213,144,0,0,0
5214,152,0,0,0
5215,159,0,0,0
5216,167,0,0,0
5217,175,0,0,0
5218,182,0,0,0
5219,190,0,0,0
5220,198,0,0,0
5221,206,0,0,0
5222,213,0,0,0
5223,221,0,0,0
5224,228,0,0,0
5225,235,0,0,0
5226,241,0,0,0
5227,248,0,0,0
5228,255,0,0,0
5229,261,0,0,0
5230,267,0,0,0
5231,273,0,0,0
5232,278,0,0,0
5233,283,0,0,0
5234,288,0,0,0
5235,293,0,0,0
5236,297,0,0,0
5237,302,0,0,0
5238,306,0,0,0
5239,310,0,0,0
5240,313,0,0,0
5241,316,0,0,0
5242,319,0,0,0
5243,322,0,0,0
5244,327,0,0,0
5245,332,0,0,0
5246,337,0,0,0
5247,342,0,0,0
5248,345,0,0,0
5249,347,0,0,0
5250,350,0,0,0
5251,353,0,0,0
5252,356,0,0,0
5253,359,0,0,0
5254,364,0,0,0
5255,369,0,0,0
5256,375,0,0,0
5257,380,0,0,0
5258,386,0,0,0
5259,390,0,0,0
5260,395,0,0,0
5261,398,0,0,0
5262,401,0,0,0
5263,404,0,0,0
5264,408,0,0,0
5265,411,0,0,0
5266,413,0,0,0
5267,415,1,0,0
5268,418,0,0,0
5269,420,0,0,0
5270,421,0,0,0
5271,423,1,0,0
5272,423,0,0,0
5273,423,0,0,0
5274,423,0,0,0
5275,422,1,0,0
5276,421,0,0,0
5277,419,0,0,0
5278,417,0,0,0
5279,416,0,0,0
5280,415,0,0,0
5281,414,0,0,0
5282,412,0,0,0
5283,410,0,0,0
5284,408,0,0,0
5285,405,0,0,0
5286,402,0,0,0
5287,399,0,0,0
5288,396,0,0,0
5289,392,0,0,0
5290,388,0,0,0
5291,385,0,0,0
5292,382,0,0,0
5293,379,0,0,0
5294,376,0,0,0
5295,374,0,0,0
5296,371,0,0,0
5297,369,0,0,0
5298,368,0,0,0
5299,368,0,0,0
5300,368,0,0,0
5301,367,0,0,0
5302,368,0,0,0
5303,369,0,0,0
5304,371,0,0,0
5305,371,0,0,0
5306,374,0,0,0
5307,376,0,0,0
5308,378,0,0,0
5309,380,0,0,0
5310,380,0,0,0
5311,381,0,0,0
5312,382,0,0,0
5313,384,0,0,0
5314,387,0,0,0
5315,391,0,0,0
5316,395,0,0,0
5317,396,0,0,0
5318,398,0,0,0
5319,399,0,0,0
5320,400,0,0,0
5321,401,0,0,0
5322,404,0,0,0
5323,408,0,0,0
5324,414,0,0,0
5325,419,0,0,0
5326,426,0,0,0
5327,431,1,0,0
5328,435,0,0,0
5329,438,1,0,0
5330,441,1,0,0
5331,444,1,0,0
5332,446,1,0,0
5333,448,1,0,0
5334,449,1,0,0
5335,451,1,0,0
5336,453,1,0,0
5337,455,1,0,0
5338,456,1,0,0
5339,459,1,0,0
5340,459,1,0,0
5341,459,0,0,0
5342,458,1,0,0
5343,458,1,0,0
5344,458,1,0,0
5345,457,1,0,0
5346,457,1,0,0
5347,457,1,0,0
5348,456,0,0,0
5349,455,0,0,0
5350,453,1,0,0
5351,451,1,0,0
5352,449,1,0,0
5353,446,1,0,0
5354,444,0,0,0
5355,440,1,0,0
5356,437,0,0,0
5357,434,0,0,0
5358,431,0,0,0
5359,428,1,0,0
5360,426,0,0,0
5361,423,0,0,0
5362,422,0,0,0
5363,420,1,0,0
5364,420,0,0,0
5365,420,0,0,0
5366,420,0,0,0
5367,422,1,0,0
5368,423,0,0,0
5369,425,0,0,0
5370,428,0,0,0
5371,431,1,0,0
5372,433,0,0,0
5373,436,1,0,0
5374,439,1,0,0
5375,441,1,0,0
5376,444,0,0,0
5377,446,1,0,0
5378,449,1,0,0
5379,452,1,0,0
5380,456,1,0,0
5381,459,1,0,0
5382,460,1,0,0
5383,461,1,0,0
5384,462,1,0,0
5385,463,0,0,0
5386,466,1,0,0
5387,471,1,0,0
5388,476,1,0,0
5389,481,1,0,0
5390,487,1,0,0
5391,493,1,0,0
5392,498,1,0,0
5393,503,0,0,0
5394,507,1,0,0
5395,511,1,0,0
5396,513,1,0,0
5397,515,1,0,0
5398,519,1,0,0
5399,520,1,0,0
5400,522,1,0,0
5401,523,1,0,0
5402,525,1,0,0
5403,525,1,0,0
5404,526,1,0,0
5405,525,0,0,0
5406,523,1,0,0
5407,521,1,0,0
5408,519,1,0,0
5409,516,1,0,0
5410,513,1,0,0
5411,510,1,0,0
5412,507,1,0,0
5413,503,1,0,0
5414,499,1,0,0
5415,495,1,0,0
5416,490,1,0,0
5417,485,1,0,0
5418,479,1,0,0
5419,474,1,0,0
5420,468,1,0,0
5421,463,1,0,0
5422,458,1,0,0
5423,452,1,0,0
5424,448,1,0,0
5425,442,1,0,0
5426,437,1,0,0
5427,432,1,0,0
5428,427,1,0,0
5429,423,0,0,0
5430,419,0,0,0
5431,415,1,0,0
5432,411,0,0,0
5433,407,0,0,0
5434,403,0,0,0
5435,399,0,0,0
5436,395,0,0,0
5437,390,0,0,0
5438,385,0,0,0
5439,380,0,0,0
5440,377,0,0,0
5441,375,0,0,0
5442,374,0,0,0
5443,372,0,0,0
5444,369,0,0,0
5445,366,0,0,0
5446,362,0,0,0
5447,357,0,0,0
5448,353,0,0,0
5449,349,0,0,0
5450,347,0,0,0
5451,345,0,0,0
5452,345,0,0,0
5453,344,0,0,0
5454,344,0,0,0
5455,342,0,0,0
5456,341,0,0,0
5457,339,0,0,0
5458,336,0,0,0
5459,334,0,0,0
5460,331,0,0,0
5461,328,0,0,0
5462,326,0,0,0
5463,323,0,0,0
5464,319,0,0,0
5465,316,0,0,0
5466,312,0,0,0
5467,309,0,0,0
5468,304,0,0,0
5469,300,0,0,0
5470,296,0,0,0
5471,291,0,0,0
5472,287,0,0,0
5473,281,0,0,0
5474,276,0,0,0
5475,271,0,0,0
5476,266,0,0,0
5477,261,0,0,0
5478,255,0,0,0
5479,251,0,0,0
5480,245,0,0,0
5481,239,0,0,0
5482,233,0,0,0
5483,228,0,0,0
5484,223,0,0,0
5485,217,0,0,0
5486,212,0,0,0
5487,207,0,0,0
5488,202,0,0,0
5489,197,0,0,0
5490,192,0,0,0
5491,188,0,0,0
5492,184,0,0,0
5493,179,0,0,0
5494,176,0,0,0
5495,172,0,0,0
5496,169,0,0,0
5497,165,0,0,0
5498,162,0,0,0
5499,159,0,0,0
5500,156,0,0,0
5501,153,0,0,0
5502,150,0,0,0
5503,147,0,0,0
5504,144,0,0,0
5505,141,0,0,0
5506,141,0,0,0
5507,141,0,0,0
5508,141,0,0,0
5509,139,0,0,0
5510,135,0,0,0
5511,133,0,0,0
5512,131,0,0,0
5513,128,0,0,0
5514,126,0,0,0
5515,125,0,0,0
5516,125,0,0,0
5517,124,0,0,0
5518,125,0,0,0
5519,126,0,0,0
5520,127,0,0,0
5521,127,0,0,0
5522,127,0,0,0
5523,128,0,0,0
5524,128,0,0,0
5525,129,0,0,0
5526,129,0,0,0
5527,129,0,0,0
5528,129,0,0,0
5529,128,0,0,0
5530,127,0,0,0
5531,127,0,0,0
5532,126,0,0,0
5533,124,0,0,0
5534,124,0,0,0
5535,122,0,0,0
5536,120,0,0,0
5537,118,0,0,0
5538,115,0,0,0
5539,113,0,0,0
5540,112,0,0,0
5541,109,0,0,0
5542,107,0,0,0
5543,104,0,0,0
5544,102,0,0,0
5545,99,0,0,0
5546,96,0,0,0
5547,93,0,0,0
5548,90,0,0,0
5549,87,0,0,0
5550,83,0,0,0
5551,79,0,0,0
5552,76,0,0,0
5553,73,0,0,0
5554,69,0,0,0
5555,66,0,0,0
5556,63,0,0,0
5557,60,0,0,0
5558,56,0,0,0
5559,54,0,0,0
5560,51,0,0,0
5561,48,0,0,0
5562,46,0,0,0
5563,43,0,0,0
5564,41,0,0,0
5565,38,0,0,0
5566,35,0,0,0
5567,33,0,0,0
5568,31,0,0,0
5569,28,0,0,0
5570,27,0,0,0
5571,25,0,0,0
5572,24,0,0,0
5573,22,0,0,0
5574,20,0,0,0
5575,20,0,0,0
5576,22,0,0,0
5577,24,0,0,0
5578,25,0,0,0
5579,26,0,0,0
5580,26,0,0,0
5581,24,0,0,0
5582,24,0,0,0
5583,25,0,0,0
5584,25,0,0,0
5585,26,0,0,0
5586,27,0,0,0
5587,28,0,0,0
5588,30,0,0,0
5589,31,0,0,0
5590,33,0,0,0
5591,34,0,0,0
5592,37,0,0,0
5593,37,0,0,0
5594,38,0,0,0
5595,39,0,0,0
5596,39,0,0,0
5597,38,0,0,0
5598,37,0,0,0
5599,35,0,0,0
5600,33,0,0,0
5601,30,0,0,0
5602,27,0,0,0
5603,24,0,0,0
5604,23,0,0,0
5605,20,0,0,0
5606,19,0,0,0
5607,17,0,0,0
5608,16,0,0,0
5609,15,0,0,0
5610,14,0,0,0
5611,13,0,0,0
5612,12,0,0,0
5613,11,0,0,0
5614,10,0,0,0
5615,9,0,0,0
5616,9,0,0,0
5617,8,0,0,0
5618,7,0,0,0
5619,7,0,0,0
5620,7,0,0,0
5621,6,0,0,0
5622,6,0,0,0
5623,5,0,0,0
5624,5,0,0,0
5625,4,0,0,0
5626,4,0,0,0
5627,4,0,0,0
5628,4,0,0,0
5629,3,0,0,0
5630,3,0,0,0
5631,3,0,0,0
5632,4,0,0,0
5633,4,0,0,0
5634,3,0,0,0
5635,3,0,0,0
5636,3,0,0,0
5637,3,0,0,0
5638,3,0,0,0
5639,3,0,0,0
5640,4,0,0,0
5641,5,0,0,0
5642,6,0,0,0
5643,7,0,0,0
5644,8,0,0,0
5645,9,0,0,0
5646,10,0,0,0
5647,11,0,0,0
5648,12,0,0,0
5649,13,0,0,0
5650,14,0,0,0
5651,15,0,0,0
5652,17,0,0,0
5653,18,0,0,0
5654,19,0,0,0
5655,20,0,0,0
5656,22,0,0,0
5657,24,0,0,0
5658,29,0,0,0
5659,32,0,0,0
5660,35,0,0,0
5661,36,0,0,0
5662,38,0,0,0
5663,40,0,0,0
5664,42,0,0,0
5665,44,0,0,0
5666,46,0,0,0
5667,48,0,0,0
5668,50,0,0,0
5669,52,0,0,0
5670,56,0,0,0
5671,59,0,0,0
5672,62,0,0,0
5673,64,0,0,0
5674,67,0,0,0
5675,70,0,0,0
5676,73,0,0,0
5677,76,0,0,0
5678,79,0,0,0
5679,82,0,0,0
5680,86,0,0,0
5681,89,0,0,0
5682,93,0,0,0
5683,96,0,0,0
5684,100,0,0,0
5685,105,0,0,0
5686,109,0,0,0
5687,113,0,0,0
5688,118,0,0,0
5689,123,0,0,0
5690,128,0,0,0
5691,133,0,0,0
5692,138,0,0,0
5693,142,0,0,0
5694,146,0,0,0
5695,151,0,0,0
5696,156,0,0,0
5697,160,0,0,0
5698,164,0,0,0
5699,167,0,0,0
5700,172,0,0,0
5701,175,0,0,0
5702,178,0,0,0
5703,181,0,0,0
5704,184,0,0,0
5705,187,0,0,0
5706,189,0,0,0
5707,192,0,0,0
5708,195,0,0,0
5709,198,0,0,0
5710,201,0,0,0
5711,204,0,0,0
5712,208,0,0,0
5713,212,0,0,0
5714,216,0,0,0
5715,220,0,0,0
5716,224,0,0,0
5717,227,0,0,0
5718,230,0,0,0
5719,233,0,0,0
5720,236,0,0,0
5721,239,0,0,0
5722,243,0,0,0
5723,246,0,0,0
5724,249,0,0,0
5725,253,0,0,0
5726,256,0,0,0
5727,259,0,0,0
5728,263,0,0,0
5729,266,0,0,0
5730,269,0,0,0
5731,272,0,0,0
5732,276,0,0,0
5733,279,0,0,0
5734,282,0,0,0
5735,284,0,0,0
5736,286,0,0,0
5737,287,0,0,0
5738,288,0,0,0
5739,291,0,0,0
5740,295,0,0,0
5741,297,0,0,0
5742,300,0,0,0
5743,303,0,0,0
5744,304,0,0,0
5745,305,0,0,0
5746,307,0,0,0
5747,309,0,0,0
5748,311,0,0,0
5749,314,0,0,0
5750,318,0,0,0
5751,323,0,0,0
5752,327,0,0,0
5753,331,0,0,0
5754,335,0,0,0
5755,339,0,0,0
5756,343,0,0,0
5757,345,0,0,0
5758,349,0,0,0
5759,351,0,0,0
5760,354,0,0,0
5761,355,0,0,0
5762,357,0,0,0
5763,358,0,0,0
5764,359,0,0,0
5765,359,0,0,0
5766,360,0,0,0
5767,361,0,0,0
5768,360,0,0,0
5769,359,0,0,0
5770,359,0,0,0
5771,357,0,0,0
5772,356,0,0,0
5773,355,0,0,0
5774,353,0,0,0
5775,351,0,0,0
5776,350,0,0,0
5777,348,0,0,0
5778,346,0,0,0
5779,343,0,0,0
5780,340,0,0,0
5781,336,0,0,0
5782,333,0,0,0
5783,329,0,0,0
5784,326,0,0,0
5785,322,0,0,0
5786,318,0,0,0
5787,315,0,0,0
5788,312,0,0,0
5789,310,0,0,0
5790,307,0,0,0
5791,305,0,0,0
5792,304,0,0,0
5793,302,0,0,0
5794,301,0,0,0
5795,302,0,0,0
5796,302,0,0,0
5797,302,0,0,0
5798,303,0,0,0
5799,304,0,0,0
5800,306,0,0,0
5801,307,0,0,0
5802,308,0,0,0
5803,310,0,0,0
5804,312,0,0,0
5805,312,0,0,0
5806,313,0,0,0
5807,315,0,0,0
5808,316,0,0,0
5809,317,0,0,0
5810,317,0,0,0
5811,317,0,0,0
5812,319,0,0,0
5813,320,0,0,0
5814,324,0,0,0
5815,327,0,0,0
5816,330,0,0,0
5817,331,0,0,0
5818,332,0,0,0
5819,332,0,0,0
5820,335,0,0,0
5821,337,0,0,0
5822,342,0,0,0
5823,348,0,0,0
5824,354,0,0,0
5825,359,0,0,0
5826,366,0,0,0
5827,370,0,0,0
5828,374,0,0,0
5829,378,0,0,0
5830,381,0,0,0
5831,385,0,0,0
5832,388,0,0,0
5833,391,0,0,0
5834,393,0,0,0
5835,396,0,0,0
5836,399,0,0,0
5837,401,0,0,0
5838,404,0,0,0
5839,407,1,0,0
5840,408,0,0,0
5841,408,0,0,0
5842,409,0,0,0
5843,410,0,0,0
5844,411,0,0,0
5845,412,0,0,0
5846,413,0,0,0
5847,413,0,0,0
5848,414,0,0,0
5849,414,1,0,0
5850,413,0,0,0
5851,411,1,0,0
5852,409,0,0,0
5853,408,0,0,0
5854,405,0,0,0
5855,403,0,0,0
5856,400,0,0,0
5857,398,0,0,0
5858,396,0,0,0
5859,393,0,0,0
5860,391,0,0,0
5861,388,0,0,0
5862,387,0,0,0
5863,385,0,0,0
5864,384,0,0,0
5865,382,0,0,0
5866,381,0,0,0
5867,380,0,0,0
5868,380,0,0,0
5869,380,0,0,0
5870,380,0,0,0
5871,380,0,0,0
5872,381,0,0,0
5873,382,0,0,0
5874,383,0,0,0
5875,384,0,0,0
5876,385,0,0,0
5877,385,0,0,0
5878,386,0,0,0
5879,386,0,0,0
5880,388,0,0,0
5881,391,0,0,0
5882,393,0,0,0
5883,395,0,0,0
5884,396,0,0,0
5885,396,0,0,0
5886,396,0,0,0
5887,397,0,0,0
5888,399,0,0,0
5889,404,0,0,0
5890,409,0,0,0
5891,415,0,0,0
5892,423,0,0,0
5893,430,1,0,0
5894,436,1,0,0
5895,441,1,0,0
5896,446,1,0,0
5897,449,1,0,0
5898,452,1,0,0
5899,455,1,0,0
5900,457,1,0,0
5901,460,1,0,0
5902,462,1,0,0
5903,464,1,0,0
5904,466,1,0,0
5905,468,1,0,0
5906,470,1,0,0
5907,472,1,0,0
5908,472,1,0,0
5909,471,0,0,0
5910,471,1,0,0
5911,471,1,0,0
5912,471,1,0,0
5913,471,1,0,0
5914,470,1,0,0
5915,469,1,0,0
5916,468,0,0,0
5917,466,0,0,0
5918,463,1,0,0
5919,461,1,0,0
5920,457,1,0,0
5921,454,1,0,0
5922,451,1,0,0
5923,448,1,0,0
5924,444,1,0,0
5925,440,1,0,0
5926,437,1,0,0
5927,434,1,0,0
5928,431,1,0,0
5929,429,1,0,0
5930,427,1,0,0
5931,425,1,0,0
5932,423,0,0,0
5933,423,1,0,0
5934,422,1,0,0
5935,422,1,0,0
5936,423,0,0,0
5937,423,1,0,0
5938,423,0,0,0
5939,423,1,0,0
5940,424,1,0,0
5941,424,0,0,0
5942,424,1,0,0
5943,424,1,0,0
5944,425,1,0,0
5945,426,0,0,0
5946,428,1,0,0
5947,429,1,0,0
5948,430,0,0,0
5949,430,1,0,0
5950,430,1,0,0
5951,430,1,0,0
5952,431,1,0,0
5953,433,0,0,0
5954,436,1,0,0
5955,441,1,0,0
5956,446,1,0,0
5957,451,1,0,0
5958,455,1,0,0
5959,458,1,0,0
5960,462,1,0,0
5961,464,0,0,0
5962,466,1,0,0
5963,467,1,0,0
5964,470,1,0,0
5965,471,1,0,0
5966,472,1,0,0
5967,472,1,0,0
5968,472,1,0,0
5969,473,1,0,0
5970,472,1,0,0
5971,472,1,0,0
5972,472,1,0,0
5973,471,0,0,0
5974,468,1,0,0
5975,467,1,0,0
5976,465,0,0,0
5977,463,1,0,0
5978,460,1,0,0
5979,458,1,0,0
5980,456,0,0,0
5981,453,1,0,0
5982,449,1,0,0
5983,445,1,0,0
5984,440,1,0,0
5985,435,1,0,0
5986,429,1,0,0
5987,423,1,0,0
5988,417,0,0,0
5989,412,0,0,0
5990,406,0,0,0
5991,400,0,0,0
5992,396,0,0,0
5993,391,0,0,0
5994,386,0,0,0
5995,382,0,0,0
5996,378,0,0,0
5997,374,0,0,0
5998,371,0,0,0
5999,368,0,0,0
6000,367,0,0,0
